Service,Location,Primary Keyword,Secondary Keywords,Search Intent,Priority,Suggested URL Slug
"Dark Web Monitoring","New York","Dark Web Monitoring New York","dark web monitoring services in New York; cybersecurity New York; New York dark web monitoring company; enterprise dark web monitoring New York; best dark web monitoring New York","Commercial Investigation / Transactional","High","/locations/new-york/dark-web-monitoring"
"Credential Monitoring","New York","Credential Monitoring New York","credential monitoring services in New York; cybersecurity New York; New York credential monitoring company; enterprise credential monitoring New York; best credential monitoring New York","Commercial Investigation / Transactional","High","/locations/new-york/credential-monitoring"
"Domain Monitoring","New York","Domain Monitoring New York","domain monitoring services in New York; cybersecurity New York; New York domain monitoring company; enterprise domain monitoring New York; best domain monitoring New York","Commercial Investigation / Transactional","High","/locations/new-york/domain-monitoring"
"Data Breach Monitoring","New York","Data Breach Monitoring New York","data breach monitoring services in New York; cybersecurity New York; New York data breach monitoring company; enterprise data breach monitoring New York; best data breach monitoring New York","Commercial Investigation / Transactional","High","/locations/new-york/data-breach-monitoring"
"Brand Monitoring","New York","Brand Monitoring New York","brand monitoring services in New York; cybersecurity New York; New York brand monitoring company; enterprise brand monitoring New York; best brand monitoring New York","Commercial Investigation / Transactional","High","/locations/new-york/brand-monitoring"
"Executive Monitoring","New York","Executive Monitoring New York","executive monitoring services in New York; cybersecurity New York; New York executive monitoring company; enterprise executive monitoring New York; best executive monitoring New York","Commercial Investigation / Transactional","High","/locations/new-york/executive-monitoring"
"Threat Intelligence","New York","Threat Intelligence New York","threat intelligence services in New York; cybersecurity New York; New York threat intelligence company; enterprise threat intelligence New York; best threat intelligence New York","Commercial Investigation / Transactional","High","/locations/new-york/threat-intelligence"
"Digital Risk Protection","New York","Digital Risk Protection New York","digital risk protection services in New York; cybersecurity New York; New York digital risk protection company; enterprise digital risk protection New York; best digital risk protection New York","Commercial Investigation / Transactional","High","/locations/new-york/digital-risk-protection"
"Attack Surface Monitoring","New York","Attack Surface Monitoring New York","attack surface monitoring services in New York; cybersecurity New York; New York attack surface monitoring company; enterprise attack surface monitoring New York; best attack surface monitoring New York","Commercial Investigation / Transactional","High","/locations/new-york/attack-surface-monitoring"
"Dark Web Monitoring","California","Dark Web Monitoring California","dark web monitoring services in California; cybersecurity California; California dark web monitoring company; enterprise dark web monitoring California; best dark web monitoring California","Commercial Investigation / Transactional","High","/locations/california/dark-web-monitoring"
"Credential Monitoring","California","Credential Monitoring California","credential monitoring services in California; cybersecurity California; California credential monitoring company; enterprise credential monitoring California; best credential monitoring California","Commercial Investigation / Transactional","High","/locations/california/credential-monitoring"
"Domain Monitoring","California","Domain Monitoring California","domain monitoring services in California; cybersecurity California; California domain monitoring company; enterprise domain monitoring California; best domain monitoring California","Commercial Investigation / Transactional","High","/locations/california/domain-monitoring"
"Data Breach Monitoring","California","Data Breach Monitoring California","data breach monitoring services in California; cybersecurity California; California data breach monitoring company; enterprise data breach monitoring California; best data breach monitoring California","Commercial Investigation / Transactional","High","/locations/california/data-breach-monitoring"
"Brand Monitoring","California","Brand Monitoring California","brand monitoring services in California; cybersecurity California; California brand monitoring company; enterprise brand monitoring California; best brand monitoring California","Commercial Investigation / Transactional","High","/locations/california/brand-monitoring"
"Executive Monitoring","California","Executive Monitoring California","executive monitoring services in California; cybersecurity California; California executive monitoring company; enterprise executive monitoring California; best executive monitoring California","Commercial Investigation / Transactional","High","/locations/california/executive-monitoring"
"Threat Intelligence","California","Threat Intelligence California","threat intelligence services in California; cybersecurity California; California threat intelligence company; enterprise threat intelligence California; best threat intelligence California","Commercial Investigation / Transactional","High","/locations/california/threat-intelligence"
"Digital Risk Protection","California","Digital Risk Protection California","digital risk protection services in California; cybersecurity California; California digital risk protection company; enterprise digital risk protection California; best digital risk protection California","Commercial Investigation / Transactional","High","/locations/california/digital-risk-protection"
"Attack Surface Monitoring","California","Attack Surface Monitoring California","attack surface monitoring services in California; cybersecurity California; California attack surface monitoring company; enterprise attack surface monitoring California; best attack surface monitoring California","Commercial Investigation / Transactional","High","/locations/california/attack-surface-monitoring"
"Dark Web Monitoring","Texas","Dark Web Monitoring Texas","dark web monitoring services in Texas; cybersecurity Texas; Texas dark web monitoring company; enterprise dark web monitoring Texas; best dark web monitoring Texas","Commercial Investigation / Transactional","High","/locations/texas/dark-web-monitoring"
"Credential Monitoring","Texas","Credential Monitoring Texas","credential monitoring services in Texas; cybersecurity Texas; Texas credential monitoring company; enterprise credential monitoring Texas; best credential monitoring Texas","Commercial Investigation / Transactional","High","/locations/texas/credential-monitoring"
"Domain Monitoring","Texas","Domain Monitoring Texas","domain monitoring services in Texas; cybersecurity Texas; Texas domain monitoring company; enterprise domain monitoring Texas; best domain monitoring Texas","Commercial Investigation / Transactional","High","/locations/texas/domain-monitoring"
"Data Breach Monitoring","Texas","Data Breach Monitoring Texas","data breach monitoring services in Texas; cybersecurity Texas; Texas data breach monitoring company; enterprise data breach monitoring Texas; best data breach monitoring Texas","Commercial Investigation / Transactional","High","/locations/texas/data-breach-monitoring"
"Brand Monitoring","Texas","Brand Monitoring Texas","brand monitoring services in Texas; cybersecurity Texas; Texas brand monitoring company; enterprise brand monitoring Texas; best brand monitoring Texas","Commercial Investigation / Transactional","High","/locations/texas/brand-monitoring"
"Executive Monitoring","Texas","Executive Monitoring Texas","executive monitoring services in Texas; cybersecurity Texas; Texas executive monitoring company; enterprise executive monitoring Texas; best executive monitoring Texas","Commercial Investigation / Transactional","High","/locations/texas/executive-monitoring"
"Threat Intelligence","Texas","Threat Intelligence Texas","threat intelligence services in Texas; cybersecurity Texas; Texas threat intelligence company; enterprise threat intelligence Texas; best threat intelligence Texas","Commercial Investigation / Transactional","High","/locations/texas/threat-intelligence"
"Digital Risk Protection","Texas","Digital Risk Protection Texas","digital risk protection services in Texas; cybersecurity Texas; Texas digital risk protection company; enterprise digital risk protection Texas; best digital risk protection Texas","Commercial Investigation / Transactional","High","/locations/texas/digital-risk-protection"
"Attack Surface Monitoring","Texas","Attack Surface Monitoring Texas","attack surface monitoring services in Texas; cybersecurity Texas; Texas attack surface monitoring company; enterprise attack surface monitoring Texas; best attack surface monitoring Texas","Commercial Investigation / Transactional","High","/locations/texas/attack-surface-monitoring"
"Dark Web Monitoring","Florida","Dark Web Monitoring Florida","dark web monitoring services in Florida; cybersecurity Florida; Florida dark web monitoring company; enterprise dark web monitoring Florida; best dark web monitoring Florida","Commercial Investigation / Transactional","Medium","/locations/florida/dark-web-monitoring"
"Credential Monitoring","Florida","Credential Monitoring Florida","credential monitoring services in Florida; cybersecurity Florida; Florida credential monitoring company; enterprise credential monitoring Florida; best credential monitoring Florida","Commercial Investigation / Transactional","Medium","/locations/florida/credential-monitoring"
"Domain Monitoring","Florida","Domain Monitoring Florida","domain monitoring services in Florida; cybersecurity Florida; Florida domain monitoring company; enterprise domain monitoring Florida; best domain monitoring Florida","Commercial Investigation / Transactional","Medium","/locations/florida/domain-monitoring"
"Data Breach Monitoring","Florida","Data Breach Monitoring Florida","data breach monitoring services in Florida; cybersecurity Florida; Florida data breach monitoring company; enterprise data breach monitoring Florida; best data breach monitoring Florida","Commercial Investigation / Transactional","Medium","/locations/florida/data-breach-monitoring"
"Brand Monitoring","Florida","Brand Monitoring Florida","brand monitoring services in Florida; cybersecurity Florida; Florida brand monitoring company; enterprise brand monitoring Florida; best brand monitoring Florida","Commercial Investigation / Transactional","Medium","/locations/florida/brand-monitoring"
"Executive Monitoring","Florida","Executive Monitoring Florida","executive monitoring services in Florida; cybersecurity Florida; Florida executive monitoring company; enterprise executive monitoring Florida; best executive monitoring Florida","Commercial Investigation / Transactional","Medium","/locations/florida/executive-monitoring"
"Threat Intelligence","Florida","Threat Intelligence Florida","threat intelligence services in Florida; cybersecurity Florida; Florida threat intelligence company; enterprise threat intelligence Florida; best threat intelligence Florida","Commercial Investigation / Transactional","Medium","/locations/florida/threat-intelligence"
"Digital Risk Protection","Florida","Digital Risk Protection Florida","digital risk protection services in Florida; cybersecurity Florida; Florida digital risk protection company; enterprise digital risk protection Florida; best digital risk protection Florida","Commercial Investigation / Transactional","Medium","/locations/florida/digital-risk-protection"
"Attack Surface Monitoring","Florida","Attack Surface Monitoring Florida","attack surface monitoring services in Florida; cybersecurity Florida; Florida attack surface monitoring company; enterprise attack surface monitoring Florida; best attack surface monitoring Florida","Commercial Investigation / Transactional","Medium","/locations/florida/attack-surface-monitoring"
"Dark Web Monitoring","Illinois","Dark Web Monitoring Illinois","dark web monitoring services in Illinois; cybersecurity Illinois; Illinois dark web monitoring company; enterprise dark web monitoring Illinois; best dark web monitoring Illinois","Commercial Investigation / Transactional","Medium","/locations/illinois/dark-web-monitoring"
"Credential Monitoring","Illinois","Credential Monitoring Illinois","credential monitoring services in Illinois; cybersecurity Illinois; Illinois credential monitoring company; enterprise credential monitoring Illinois; best credential monitoring Illinois","Commercial Investigation / Transactional","Medium","/locations/illinois/credential-monitoring"
"Domain Monitoring","Illinois","Domain Monitoring Illinois","domain monitoring services in Illinois; cybersecurity Illinois; Illinois domain monitoring company; enterprise domain monitoring Illinois; best domain monitoring Illinois","Commercial Investigation / Transactional","Medium","/locations/illinois/domain-monitoring"
"Data Breach Monitoring","Illinois","Data Breach Monitoring Illinois","data breach monitoring services in Illinois; cybersecurity Illinois; Illinois data breach monitoring company; enterprise data breach monitoring Illinois; best data breach monitoring Illinois","Commercial Investigation / Transactional","Medium","/locations/illinois/data-breach-monitoring"
"Brand Monitoring","Illinois","Brand Monitoring Illinois","brand monitoring services in Illinois; cybersecurity Illinois; Illinois brand monitoring company; enterprise brand monitoring Illinois; best brand monitoring Illinois","Commercial Investigation / Transactional","Medium","/locations/illinois/brand-monitoring"
"Executive Monitoring","Illinois","Executive Monitoring Illinois","executive monitoring services in Illinois; cybersecurity Illinois; Illinois executive monitoring company; enterprise executive monitoring Illinois; best executive monitoring Illinois","Commercial Investigation / Transactional","Medium","/locations/illinois/executive-monitoring"
"Threat Intelligence","Illinois","Threat Intelligence Illinois","threat intelligence services in Illinois; cybersecurity Illinois; Illinois threat intelligence company; enterprise threat intelligence Illinois; best threat intelligence Illinois","Commercial Investigation / Transactional","Medium","/locations/illinois/threat-intelligence"
"Digital Risk Protection","Illinois","Digital Risk Protection Illinois","digital risk protection services in Illinois; cybersecurity Illinois; Illinois digital risk protection company; enterprise digital risk protection Illinois; best digital risk protection Illinois","Commercial Investigation / Transactional","Medium","/locations/illinois/digital-risk-protection"
"Attack Surface Monitoring","Illinois","Attack Surface Monitoring Illinois","attack surface monitoring services in Illinois; cybersecurity Illinois; Illinois attack surface monitoring company; enterprise attack surface monitoring Illinois; best attack surface monitoring Illinois","Commercial Investigation / Transactional","Medium","/locations/illinois/attack-surface-monitoring"
"Dark Web Monitoring","Pennsylvania","Dark Web Monitoring Pennsylvania","dark web monitoring services in Pennsylvania; cybersecurity Pennsylvania; Pennsylvania dark web monitoring company; enterprise dark web monitoring Pennsylvania; best dark web monitoring Pennsylvania","Commercial Investigation / Transactional","Medium","/locations/pennsylvania/dark-web-monitoring"
"Credential Monitoring","Pennsylvania","Credential Monitoring Pennsylvania","credential monitoring services in Pennsylvania; cybersecurity Pennsylvania; Pennsylvania credential monitoring company; enterprise credential monitoring Pennsylvania; best credential monitoring Pennsylvania","Commercial Investigation / Transactional","Medium","/locations/pennsylvania/credential-monitoring"
"Domain Monitoring","Pennsylvania","Domain Monitoring Pennsylvania","domain monitoring services in Pennsylvania; cybersecurity Pennsylvania; Pennsylvania domain monitoring company; enterprise domain monitoring Pennsylvania; best domain monitoring Pennsylvania","Commercial Investigation / Transactional","Medium","/locations/pennsylvania/domain-monitoring"
"Data Breach Monitoring","Pennsylvania","Data Breach Monitoring Pennsylvania","data breach monitoring services in Pennsylvania; cybersecurity Pennsylvania; Pennsylvania data breach monitoring company; enterprise data breach monitoring Pennsylvania; best data breach monitoring Pennsylvania","Commercial Investigation / Transactional","Medium","/locations/pennsylvania/data-breach-monitoring"
"Brand Monitoring","Pennsylvania","Brand Monitoring Pennsylvania","brand monitoring services in Pennsylvania; cybersecurity Pennsylvania; Pennsylvania brand monitoring company; enterprise brand monitoring Pennsylvania; best brand monitoring Pennsylvania","Commercial Investigation / Transactional","Medium","/locations/pennsylvania/brand-monitoring"
"Executive Monitoring","Pennsylvania","Executive Monitoring Pennsylvania","executive monitoring services in Pennsylvania; cybersecurity Pennsylvania; Pennsylvania executive monitoring company; enterprise executive monitoring Pennsylvania; best executive monitoring Pennsylvania","Commercial Investigation / Transactional","Medium","/locations/pennsylvania/executive-monitoring"
"Threat Intelligence","Pennsylvania","Threat Intelligence Pennsylvania","threat intelligence services in Pennsylvania; cybersecurity Pennsylvania; Pennsylvania threat intelligence company; enterprise threat intelligence Pennsylvania; best threat intelligence Pennsylvania","Commercial Investigation / Transactional","Medium","/locations/pennsylvania/threat-intelligence"
"Digital Risk Protection","Pennsylvania","Digital Risk Protection Pennsylvania","digital risk protection services in Pennsylvania; cybersecurity Pennsylvania; Pennsylvania digital risk protection company; enterprise digital risk protection Pennsylvania; best digital risk protection Pennsylvania","Commercial Investigation / Transactional","Medium","/locations/pennsylvania/digital-risk-protection"
"Attack Surface Monitoring","Pennsylvania","Attack Surface Monitoring Pennsylvania","attack surface monitoring services in Pennsylvania; cybersecurity Pennsylvania; Pennsylvania attack surface monitoring company; enterprise attack surface monitoring Pennsylvania; best attack surface monitoring Pennsylvania","Commercial Investigation / Transactional","Medium","/locations/pennsylvania/attack-surface-monitoring"
"Dark Web Monitoring","Ohio","Dark Web Monitoring Ohio","dark web monitoring services in Ohio; cybersecurity Ohio; Ohio dark web monitoring company; enterprise dark web monitoring Ohio; best dark web monitoring Ohio","Commercial Investigation / Transactional","Medium","/locations/ohio/dark-web-monitoring"
"Credential Monitoring","Ohio","Credential Monitoring Ohio","credential monitoring services in Ohio; cybersecurity Ohio; Ohio credential monitoring company; enterprise credential monitoring Ohio; best credential monitoring Ohio","Commercial Investigation / Transactional","Medium","/locations/ohio/credential-monitoring"
"Domain Monitoring","Ohio","Domain Monitoring Ohio","domain monitoring services in Ohio; cybersecurity Ohio; Ohio domain monitoring company; enterprise domain monitoring Ohio; best domain monitoring Ohio","Commercial Investigation / Transactional","Medium","/locations/ohio/domain-monitoring"
"Data Breach Monitoring","Ohio","Data Breach Monitoring Ohio","data breach monitoring services in Ohio; cybersecurity Ohio; Ohio data breach monitoring company; enterprise data breach monitoring Ohio; best data breach monitoring Ohio","Commercial Investigation / Transactional","Medium","/locations/ohio/data-breach-monitoring"
"Brand Monitoring","Ohio","Brand Monitoring Ohio","brand monitoring services in Ohio; cybersecurity Ohio; Ohio brand monitoring company; enterprise brand monitoring Ohio; best brand monitoring Ohio","Commercial Investigation / Transactional","Medium","/locations/ohio/brand-monitoring"
"Executive Monitoring","Ohio","Executive Monitoring Ohio","executive monitoring services in Ohio; cybersecurity Ohio; Ohio executive monitoring company; enterprise executive monitoring Ohio; best executive monitoring Ohio","Commercial Investigation / Transactional","Medium","/locations/ohio/executive-monitoring"
"Threat Intelligence","Ohio","Threat Intelligence Ohio","threat intelligence services in Ohio; cybersecurity Ohio; Ohio threat intelligence company; enterprise threat intelligence Ohio; best threat intelligence Ohio","Commercial Investigation / Transactional","Medium","/locations/ohio/threat-intelligence"
"Digital Risk Protection","Ohio","Digital Risk Protection Ohio","digital risk protection services in Ohio; cybersecurity Ohio; Ohio digital risk protection company; enterprise digital risk protection Ohio; best digital risk protection Ohio","Commercial Investigation / Transactional","Medium","/locations/ohio/digital-risk-protection"
"Attack Surface Monitoring","Ohio","Attack Surface Monitoring Ohio","attack surface monitoring services in Ohio; cybersecurity Ohio; Ohio attack surface monitoring company; enterprise attack surface monitoring Ohio; best attack surface monitoring Ohio","Commercial Investigation / Transactional","Medium","/locations/ohio/attack-surface-monitoring"
"Dark Web Monitoring","Georgia","Dark Web Monitoring Georgia","dark web monitoring services in Georgia; cybersecurity Georgia; Georgia dark web monitoring company; enterprise dark web monitoring Georgia; best dark web monitoring Georgia","Commercial Investigation / Transactional","Medium","/locations/georgia/dark-web-monitoring"
"Credential Monitoring","Georgia","Credential Monitoring Georgia","credential monitoring services in Georgia; cybersecurity Georgia; Georgia credential monitoring company; enterprise credential monitoring Georgia; best credential monitoring Georgia","Commercial Investigation / Transactional","Medium","/locations/georgia/credential-monitoring"
"Domain Monitoring","Georgia","Domain Monitoring Georgia","domain monitoring services in Georgia; cybersecurity Georgia; Georgia domain monitoring company; enterprise domain monitoring Georgia; best domain monitoring Georgia","Commercial Investigation / Transactional","Medium","/locations/georgia/domain-monitoring"
"Data Breach Monitoring","Georgia","Data Breach Monitoring Georgia","data breach monitoring services in Georgia; cybersecurity Georgia; Georgia data breach monitoring company; enterprise data breach monitoring Georgia; best data breach monitoring Georgia","Commercial Investigation / Transactional","Medium","/locations/georgia/data-breach-monitoring"
"Brand Monitoring","Georgia","Brand Monitoring Georgia","brand monitoring services in Georgia; cybersecurity Georgia; Georgia brand monitoring company; enterprise brand monitoring Georgia; best brand monitoring Georgia","Commercial Investigation / Transactional","Medium","/locations/georgia/brand-monitoring"
"Executive Monitoring","Georgia","Executive Monitoring Georgia","executive monitoring services in Georgia; cybersecurity Georgia; Georgia executive monitoring company; enterprise executive monitoring Georgia; best executive monitoring Georgia","Commercial Investigation / Transactional","Medium","/locations/georgia/executive-monitoring"
"Threat Intelligence","Georgia","Threat Intelligence Georgia","threat intelligence services in Georgia; cybersecurity Georgia; Georgia threat intelligence company; enterprise threat intelligence Georgia; best threat intelligence Georgia","Commercial Investigation / Transactional","Medium","/locations/georgia/threat-intelligence"
"Digital Risk Protection","Georgia","Digital Risk Protection Georgia","digital risk protection services in Georgia; cybersecurity Georgia; Georgia digital risk protection company; enterprise digital risk protection Georgia; best digital risk protection Georgia","Commercial Investigation / Transactional","Medium","/locations/georgia/digital-risk-protection"
"Attack Surface Monitoring","Georgia","Attack Surface Monitoring Georgia","attack surface monitoring services in Georgia; cybersecurity Georgia; Georgia attack surface monitoring company; enterprise attack surface monitoring Georgia; best attack surface monitoring Georgia","Commercial Investigation / Transactional","Medium","/locations/georgia/attack-surface-monitoring"
"Dark Web Monitoring","North Carolina","Dark Web Monitoring North Carolina","dark web monitoring services in North Carolina; cybersecurity North Carolina; North Carolina dark web monitoring company; enterprise dark web monitoring North Carolina; best dark web monitoring North Carolina","Commercial Investigation / Transactional","Medium","/locations/north-carolina/dark-web-monitoring"
"Credential Monitoring","North Carolina","Credential Monitoring North Carolina","credential monitoring services in North Carolina; cybersecurity North Carolina; North Carolina credential monitoring company; enterprise credential monitoring North Carolina; best credential monitoring North Carolina","Commercial Investigation / Transactional","Medium","/locations/north-carolina/credential-monitoring"
"Domain Monitoring","North Carolina","Domain Monitoring North Carolina","domain monitoring services in North Carolina; cybersecurity North Carolina; North Carolina domain monitoring company; enterprise domain monitoring North Carolina; best domain monitoring North Carolina","Commercial Investigation / Transactional","Medium","/locations/north-carolina/domain-monitoring"
"Data Breach Monitoring","North Carolina","Data Breach Monitoring North Carolina","data breach monitoring services in North Carolina; cybersecurity North Carolina; North Carolina data breach monitoring company; enterprise data breach monitoring North Carolina; best data breach monitoring North Carolina","Commercial Investigation / Transactional","Medium","/locations/north-carolina/data-breach-monitoring"
"Brand Monitoring","North Carolina","Brand Monitoring North Carolina","brand monitoring services in North Carolina; cybersecurity North Carolina; North Carolina brand monitoring company; enterprise brand monitoring North Carolina; best brand monitoring North Carolina","Commercial Investigation / Transactional","Medium","/locations/north-carolina/brand-monitoring"
"Executive Monitoring","North Carolina","Executive Monitoring North Carolina","executive monitoring services in North Carolina; cybersecurity North Carolina; North Carolina executive monitoring company; enterprise executive monitoring North Carolina; best executive monitoring North Carolina","Commercial Investigation / Transactional","Medium","/locations/north-carolina/executive-monitoring"
"Threat Intelligence","North Carolina","Threat Intelligence North Carolina","threat intelligence services in North Carolina; cybersecurity North Carolina; North Carolina threat intelligence company; enterprise threat intelligence North Carolina; best threat intelligence North Carolina","Commercial Investigation / Transactional","Medium","/locations/north-carolina/threat-intelligence"
"Digital Risk Protection","North Carolina","Digital Risk Protection North Carolina","digital risk protection services in North Carolina; cybersecurity North Carolina; North Carolina digital risk protection company; enterprise digital risk protection North Carolina; best digital risk protection North Carolina","Commercial Investigation / Transactional","Medium","/locations/north-carolina/digital-risk-protection"
"Attack Surface Monitoring","North Carolina","Attack Surface Monitoring North Carolina","attack surface monitoring services in North Carolina; cybersecurity North Carolina; North Carolina attack surface monitoring company; enterprise attack surface monitoring North Carolina; best attack surface monitoring North Carolina","Commercial Investigation / Transactional","Medium","/locations/north-carolina/attack-surface-monitoring"
"Dark Web Monitoring","Michigan","Dark Web Monitoring Michigan","dark web monitoring services in Michigan; cybersecurity Michigan; Michigan dark web monitoring company; enterprise dark web monitoring Michigan; best dark web monitoring Michigan","Commercial Investigation / Transactional","Medium","/locations/michigan/dark-web-monitoring"
"Credential Monitoring","Michigan","Credential Monitoring Michigan","credential monitoring services in Michigan; cybersecurity Michigan; Michigan credential monitoring company; enterprise credential monitoring Michigan; best credential monitoring Michigan","Commercial Investigation / Transactional","Medium","/locations/michigan/credential-monitoring"
"Domain Monitoring","Michigan","Domain Monitoring Michigan","domain monitoring services in Michigan; cybersecurity Michigan; Michigan domain monitoring company; enterprise domain monitoring Michigan; best domain monitoring Michigan","Commercial Investigation / Transactional","Medium","/locations/michigan/domain-monitoring"
"Data Breach Monitoring","Michigan","Data Breach Monitoring Michigan","data breach monitoring services in Michigan; cybersecurity Michigan; Michigan data breach monitoring company; enterprise data breach monitoring Michigan; best data breach monitoring Michigan","Commercial Investigation / Transactional","Medium","/locations/michigan/data-breach-monitoring"
"Brand Monitoring","Michigan","Brand Monitoring Michigan","brand monitoring services in Michigan; cybersecurity Michigan; Michigan brand monitoring company; enterprise brand monitoring Michigan; best brand monitoring Michigan","Commercial Investigation / Transactional","Medium","/locations/michigan/brand-monitoring"
"Executive Monitoring","Michigan","Executive Monitoring Michigan","executive monitoring services in Michigan; cybersecurity Michigan; Michigan executive monitoring company; enterprise executive monitoring Michigan; best executive monitoring Michigan","Commercial Investigation / Transactional","Medium","/locations/michigan/executive-monitoring"
"Threat Intelligence","Michigan","Threat Intelligence Michigan","threat intelligence services in Michigan; cybersecurity Michigan; Michigan threat intelligence company; enterprise threat intelligence Michigan; best threat intelligence Michigan","Commercial Investigation / Transactional","Medium","/locations/michigan/threat-intelligence"
"Digital Risk Protection","Michigan","Digital Risk Protection Michigan","digital risk protection services in Michigan; cybersecurity Michigan; Michigan digital risk protection company; enterprise digital risk protection Michigan; best digital risk protection Michigan","Commercial Investigation / Transactional","Medium","/locations/michigan/digital-risk-protection"
"Attack Surface Monitoring","Michigan","Attack Surface Monitoring Michigan","attack surface monitoring services in Michigan; cybersecurity Michigan; Michigan attack surface monitoring company; enterprise attack surface monitoring Michigan; best attack surface monitoring Michigan","Commercial Investigation / Transactional","Medium","/locations/michigan/attack-surface-monitoring"
"Dark Web Monitoring","New Jersey","Dark Web Monitoring New Jersey","dark web monitoring services in New Jersey; cybersecurity New Jersey; New Jersey dark web monitoring company; enterprise dark web monitoring New Jersey; best dark web monitoring New Jersey","Commercial Investigation / Transactional","Medium","/locations/new-jersey/dark-web-monitoring"
"Credential Monitoring","New Jersey","Credential Monitoring New Jersey","credential monitoring services in New Jersey; cybersecurity New Jersey; New Jersey credential monitoring company; enterprise credential monitoring New Jersey; best credential monitoring New Jersey","Commercial Investigation / Transactional","Medium","/locations/new-jersey/credential-monitoring"
"Domain Monitoring","New Jersey","Domain Monitoring New Jersey","domain monitoring services in New Jersey; cybersecurity New Jersey; New Jersey domain monitoring company; enterprise domain monitoring New Jersey; best domain monitoring New Jersey","Commercial Investigation / Transactional","Medium","/locations/new-jersey/domain-monitoring"
"Data Breach Monitoring","New Jersey","Data Breach Monitoring New Jersey","data breach monitoring services in New Jersey; cybersecurity New Jersey; New Jersey data breach monitoring company; enterprise data breach monitoring New Jersey; best data breach monitoring New Jersey","Commercial Investigation / Transactional","Medium","/locations/new-jersey/data-breach-monitoring"
"Brand Monitoring","New Jersey","Brand Monitoring New Jersey","brand monitoring services in New Jersey; cybersecurity New Jersey; New Jersey brand monitoring company; enterprise brand monitoring New Jersey; best brand monitoring New Jersey","Commercial Investigation / Transactional","Medium","/locations/new-jersey/brand-monitoring"
"Executive Monitoring","New Jersey","Executive Monitoring New Jersey","executive monitoring services in New Jersey; cybersecurity New Jersey; New Jersey executive monitoring company; enterprise executive monitoring New Jersey; best executive monitoring New Jersey","Commercial Investigation / Transactional","Medium","/locations/new-jersey/executive-monitoring"
"Threat Intelligence","New Jersey","Threat Intelligence New Jersey","threat intelligence services in New Jersey; cybersecurity New Jersey; New Jersey threat intelligence company; enterprise threat intelligence New Jersey; best threat intelligence New Jersey","Commercial Investigation / Transactional","Medium","/locations/new-jersey/threat-intelligence"
"Digital Risk Protection","New Jersey","Digital Risk Protection New Jersey","digital risk protection services in New Jersey; cybersecurity New Jersey; New Jersey digital risk protection company; enterprise digital risk protection New Jersey; best digital risk protection New Jersey","Commercial Investigation / Transactional","Medium","/locations/new-jersey/digital-risk-protection"
"Attack Surface Monitoring","New Jersey","Attack Surface Monitoring New Jersey","attack surface monitoring services in New Jersey; cybersecurity New Jersey; New Jersey attack surface monitoring company; enterprise attack surface monitoring New Jersey; best attack surface monitoring New Jersey","Commercial Investigation / Transactional","Medium","/locations/new-jersey/attack-surface-monitoring"
"Dark Web Monitoring","Virginia","Dark Web Monitoring Virginia","dark web monitoring services in Virginia; cybersecurity Virginia; Virginia dark web monitoring company; enterprise dark web monitoring Virginia; best dark web monitoring Virginia","Commercial Investigation / Transactional","Medium","/locations/virginia/dark-web-monitoring"
"Credential Monitoring","Virginia","Credential Monitoring Virginia","credential monitoring services in Virginia; cybersecurity Virginia; Virginia credential monitoring company; enterprise credential monitoring Virginia; best credential monitoring Virginia","Commercial Investigation / Transactional","Medium","/locations/virginia/credential-monitoring"
"Domain Monitoring","Virginia","Domain Monitoring Virginia","domain monitoring services in Virginia; cybersecurity Virginia; Virginia domain monitoring company; enterprise domain monitoring Virginia; best domain monitoring Virginia","Commercial Investigation / Transactional","Medium","/locations/virginia/domain-monitoring"
"Data Breach Monitoring","Virginia","Data Breach Monitoring Virginia","data breach monitoring services in Virginia; cybersecurity Virginia; Virginia data breach monitoring company; enterprise data breach monitoring Virginia; best data breach monitoring Virginia","Commercial Investigation / Transactional","Medium","/locations/virginia/data-breach-monitoring"
"Brand Monitoring","Virginia","Brand Monitoring Virginia","brand monitoring services in Virginia; cybersecurity Virginia; Virginia brand monitoring company; enterprise brand monitoring Virginia; best brand monitoring Virginia","Commercial Investigation / Transactional","Medium","/locations/virginia/brand-monitoring"
"Executive Monitoring","Virginia","Executive Monitoring Virginia","executive monitoring services in Virginia; cybersecurity Virginia; Virginia executive monitoring company; enterprise executive monitoring Virginia; best executive monitoring Virginia","Commercial Investigation / Transactional","Medium","/locations/virginia/executive-monitoring"
"Threat Intelligence","Virginia","Threat Intelligence Virginia","threat intelligence services in Virginia; cybersecurity Virginia; Virginia threat intelligence company; enterprise threat intelligence Virginia; best threat intelligence Virginia","Commercial Investigation / Transactional","Medium","/locations/virginia/threat-intelligence"
"Digital Risk Protection","Virginia","Digital Risk Protection Virginia","digital risk protection services in Virginia; cybersecurity Virginia; Virginia digital risk protection company; enterprise digital risk protection Virginia; best digital risk protection Virginia","Commercial Investigation / Transactional","Medium","/locations/virginia/digital-risk-protection"
"Attack Surface Monitoring","Virginia","Attack Surface Monitoring Virginia","attack surface monitoring services in Virginia; cybersecurity Virginia; Virginia attack surface monitoring company; enterprise attack surface monitoring Virginia; best attack surface monitoring Virginia","Commercial Investigation / Transactional","Medium","/locations/virginia/attack-surface-monitoring"
"Dark Web Monitoring","Washington","Dark Web Monitoring Washington","dark web monitoring services in Washington; cybersecurity Washington; Washington dark web monitoring company; enterprise dark web monitoring Washington; best dark web monitoring Washington","Commercial Investigation / Transactional","Medium","/locations/washington/dark-web-monitoring"
"Credential Monitoring","Washington","Credential Monitoring Washington","credential monitoring services in Washington; cybersecurity Washington; Washington credential monitoring company; enterprise credential monitoring Washington; best credential monitoring Washington","Commercial Investigation / Transactional","Medium","/locations/washington/credential-monitoring"
"Domain Monitoring","Washington","Domain Monitoring Washington","domain monitoring services in Washington; cybersecurity Washington; Washington domain monitoring company; enterprise domain monitoring Washington; best domain monitoring Washington","Commercial Investigation / Transactional","Medium","/locations/washington/domain-monitoring"
"Data Breach Monitoring","Washington","Data Breach Monitoring Washington","data breach monitoring services in Washington; cybersecurity Washington; Washington data breach monitoring company; enterprise data breach monitoring Washington; best data breach monitoring Washington","Commercial Investigation / Transactional","Medium","/locations/washington/data-breach-monitoring"
"Brand Monitoring","Washington","Brand Monitoring Washington","brand monitoring services in Washington; cybersecurity Washington; Washington brand monitoring company; enterprise brand monitoring Washington; best brand monitoring Washington","Commercial Investigation / Transactional","Medium","/locations/washington/brand-monitoring"
"Executive Monitoring","Washington","Executive Monitoring Washington","executive monitoring services in Washington; cybersecurity Washington; Washington executive monitoring company; enterprise executive monitoring Washington; best executive monitoring Washington","Commercial Investigation / Transactional","Medium","/locations/washington/executive-monitoring"
"Threat Intelligence","Washington","Threat Intelligence Washington","threat intelligence services in Washington; cybersecurity Washington; Washington threat intelligence company; enterprise threat intelligence Washington; best threat intelligence Washington","Commercial Investigation / Transactional","Medium","/locations/washington/threat-intelligence"
"Digital Risk Protection","Washington","Digital Risk Protection Washington","digital risk protection services in Washington; cybersecurity Washington; Washington digital risk protection company; enterprise digital risk protection Washington; best digital risk protection Washington","Commercial Investigation / Transactional","Medium","/locations/washington/digital-risk-protection"
"Attack Surface Monitoring","Washington","Attack Surface Monitoring Washington","attack surface monitoring services in Washington; cybersecurity Washington; Washington attack surface monitoring company; enterprise attack surface monitoring Washington; best attack surface monitoring Washington","Commercial Investigation / Transactional","Medium","/locations/washington/attack-surface-monitoring"
"Dark Web Monitoring","Arizona","Dark Web Monitoring Arizona","dark web monitoring services in Arizona; cybersecurity Arizona; Arizona dark web monitoring company; enterprise dark web monitoring Arizona; best dark web monitoring Arizona","Commercial Investigation / Transactional","Medium","/locations/arizona/dark-web-monitoring"
"Credential Monitoring","Arizona","Credential Monitoring Arizona","credential monitoring services in Arizona; cybersecurity Arizona; Arizona credential monitoring company; enterprise credential monitoring Arizona; best credential monitoring Arizona","Commercial Investigation / Transactional","Medium","/locations/arizona/credential-monitoring"
"Domain Monitoring","Arizona","Domain Monitoring Arizona","domain monitoring services in Arizona; cybersecurity Arizona; Arizona domain monitoring company; enterprise domain monitoring Arizona; best domain monitoring Arizona","Commercial Investigation / Transactional","Medium","/locations/arizona/domain-monitoring"
"Data Breach Monitoring","Arizona","Data Breach Monitoring Arizona","data breach monitoring services in Arizona; cybersecurity Arizona; Arizona data breach monitoring company; enterprise data breach monitoring Arizona; best data breach monitoring Arizona","Commercial Investigation / Transactional","Medium","/locations/arizona/data-breach-monitoring"
"Brand Monitoring","Arizona","Brand Monitoring Arizona","brand monitoring services in Arizona; cybersecurity Arizona; Arizona brand monitoring company; enterprise brand monitoring Arizona; best brand monitoring Arizona","Commercial Investigation / Transactional","Medium","/locations/arizona/brand-monitoring"
"Executive Monitoring","Arizona","Executive Monitoring Arizona","executive monitoring services in Arizona; cybersecurity Arizona; Arizona executive monitoring company; enterprise executive monitoring Arizona; best executive monitoring Arizona","Commercial Investigation / Transactional","Medium","/locations/arizona/executive-monitoring"
"Threat Intelligence","Arizona","Threat Intelligence Arizona","threat intelligence services in Arizona; cybersecurity Arizona; Arizona threat intelligence company; enterprise threat intelligence Arizona; best threat intelligence Arizona","Commercial Investigation / Transactional","Medium","/locations/arizona/threat-intelligence"
"Digital Risk Protection","Arizona","Digital Risk Protection Arizona","digital risk protection services in Arizona; cybersecurity Arizona; Arizona digital risk protection company; enterprise digital risk protection Arizona; best digital risk protection Arizona","Commercial Investigation / Transactional","Medium","/locations/arizona/digital-risk-protection"
"Attack Surface Monitoring","Arizona","Attack Surface Monitoring Arizona","attack surface monitoring services in Arizona; cybersecurity Arizona; Arizona attack surface monitoring company; enterprise attack surface monitoring Arizona; best attack surface monitoring Arizona","Commercial Investigation / Transactional","Medium","/locations/arizona/attack-surface-monitoring"
"Dark Web Monitoring","Massachusetts","Dark Web Monitoring Massachusetts","dark web monitoring services in Massachusetts; cybersecurity Massachusetts; Massachusetts dark web monitoring company; enterprise dark web monitoring Massachusetts; best dark web monitoring Massachusetts","Commercial Investigation / Transactional","Medium","/locations/massachusetts/dark-web-monitoring"
"Credential Monitoring","Massachusetts","Credential Monitoring Massachusetts","credential monitoring services in Massachusetts; cybersecurity Massachusetts; Massachusetts credential monitoring company; enterprise credential monitoring Massachusetts; best credential monitoring Massachusetts","Commercial Investigation / Transactional","Medium","/locations/massachusetts/credential-monitoring"
"Domain Monitoring","Massachusetts","Domain Monitoring Massachusetts","domain monitoring services in Massachusetts; cybersecurity Massachusetts; Massachusetts domain monitoring company; enterprise domain monitoring Massachusetts; best domain monitoring Massachusetts","Commercial Investigation / Transactional","Medium","/locations/massachusetts/domain-monitoring"
"Data Breach Monitoring","Massachusetts","Data Breach Monitoring Massachusetts","data breach monitoring services in Massachusetts; cybersecurity Massachusetts; Massachusetts data breach monitoring company; enterprise data breach monitoring Massachusetts; best data breach monitoring Massachusetts","Commercial Investigation / Transactional","Medium","/locations/massachusetts/data-breach-monitoring"
"Brand Monitoring","Massachusetts","Brand Monitoring Massachusetts","brand monitoring services in Massachusetts; cybersecurity Massachusetts; Massachusetts brand monitoring company; enterprise brand monitoring Massachusetts; best brand monitoring Massachusetts","Commercial Investigation / Transactional","Medium","/locations/massachusetts/brand-monitoring"
"Executive Monitoring","Massachusetts","Executive Monitoring Massachusetts","executive monitoring services in Massachusetts; cybersecurity Massachusetts; Massachusetts executive monitoring company; enterprise executive monitoring Massachusetts; best executive monitoring Massachusetts","Commercial Investigation / Transactional","Medium","/locations/massachusetts/executive-monitoring"
"Threat Intelligence","Massachusetts","Threat Intelligence Massachusetts","threat intelligence services in Massachusetts; cybersecurity Massachusetts; Massachusetts threat intelligence company; enterprise threat intelligence Massachusetts; best threat intelligence Massachusetts","Commercial Investigation / Transactional","Medium","/locations/massachusetts/threat-intelligence"
"Digital Risk Protection","Massachusetts","Digital Risk Protection Massachusetts","digital risk protection services in Massachusetts; cybersecurity Massachusetts; Massachusetts digital risk protection company; enterprise digital risk protection Massachusetts; best digital risk protection Massachusetts","Commercial Investigation / Transactional","Medium","/locations/massachusetts/digital-risk-protection"
"Attack Surface Monitoring","Massachusetts","Attack Surface Monitoring Massachusetts","attack surface monitoring services in Massachusetts; cybersecurity Massachusetts; Massachusetts attack surface monitoring company; enterprise attack surface monitoring Massachusetts; best attack surface monitoring Massachusetts","Commercial Investigation / Transactional","Medium","/locations/massachusetts/attack-surface-monitoring"
"Dark Web Monitoring","Tennessee","Dark Web Monitoring Tennessee","dark web monitoring services in Tennessee; cybersecurity Tennessee; Tennessee dark web monitoring company; enterprise dark web monitoring Tennessee; best dark web monitoring Tennessee","Commercial Investigation / Transactional","Medium","/locations/tennessee/dark-web-monitoring"
"Credential Monitoring","Tennessee","Credential Monitoring Tennessee","credential monitoring services in Tennessee; cybersecurity Tennessee; Tennessee credential monitoring company; enterprise credential monitoring Tennessee; best credential monitoring Tennessee","Commercial Investigation / Transactional","Medium","/locations/tennessee/credential-monitoring"
"Domain Monitoring","Tennessee","Domain Monitoring Tennessee","domain monitoring services in Tennessee; cybersecurity Tennessee; Tennessee domain monitoring company; enterprise domain monitoring Tennessee; best domain monitoring Tennessee","Commercial Investigation / Transactional","Medium","/locations/tennessee/domain-monitoring"
"Data Breach Monitoring","Tennessee","Data Breach Monitoring Tennessee","data breach monitoring services in Tennessee; cybersecurity Tennessee; Tennessee data breach monitoring company; enterprise data breach monitoring Tennessee; best data breach monitoring Tennessee","Commercial Investigation / Transactional","Medium","/locations/tennessee/data-breach-monitoring"
"Brand Monitoring","Tennessee","Brand Monitoring Tennessee","brand monitoring services in Tennessee; cybersecurity Tennessee; Tennessee brand monitoring company; enterprise brand monitoring Tennessee; best brand monitoring Tennessee","Commercial Investigation / Transactional","Medium","/locations/tennessee/brand-monitoring"
"Executive Monitoring","Tennessee","Executive Monitoring Tennessee","executive monitoring services in Tennessee; cybersecurity Tennessee; Tennessee executive monitoring company; enterprise executive monitoring Tennessee; best executive monitoring Tennessee","Commercial Investigation / Transactional","Medium","/locations/tennessee/executive-monitoring"
"Threat Intelligence","Tennessee","Threat Intelligence Tennessee","threat intelligence services in Tennessee; cybersecurity Tennessee; Tennessee threat intelligence company; enterprise threat intelligence Tennessee; best threat intelligence Tennessee","Commercial Investigation / Transactional","Medium","/locations/tennessee/threat-intelligence"
"Digital Risk Protection","Tennessee","Digital Risk Protection Tennessee","digital risk protection services in Tennessee; cybersecurity Tennessee; Tennessee digital risk protection company; enterprise digital risk protection Tennessee; best digital risk protection Tennessee","Commercial Investigation / Transactional","Medium","/locations/tennessee/digital-risk-protection"
"Attack Surface Monitoring","Tennessee","Attack Surface Monitoring Tennessee","attack surface monitoring services in Tennessee; cybersecurity Tennessee; Tennessee attack surface monitoring company; enterprise attack surface monitoring Tennessee; best attack surface monitoring Tennessee","Commercial Investigation / Transactional","Medium","/locations/tennessee/attack-surface-monitoring"
"Dark Web Monitoring","Indiana","Dark Web Monitoring Indiana","dark web monitoring services in Indiana; cybersecurity Indiana; Indiana dark web monitoring company; enterprise dark web monitoring Indiana; best dark web monitoring Indiana","Commercial Investigation / Transactional","Medium","/locations/indiana/dark-web-monitoring"
"Credential Monitoring","Indiana","Credential Monitoring Indiana","credential monitoring services in Indiana; cybersecurity Indiana; Indiana credential monitoring company; enterprise credential monitoring Indiana; best credential monitoring Indiana","Commercial Investigation / Transactional","Medium","/locations/indiana/credential-monitoring"
"Domain Monitoring","Indiana","Domain Monitoring Indiana","domain monitoring services in Indiana; cybersecurity Indiana; Indiana domain monitoring company; enterprise domain monitoring Indiana; best domain monitoring Indiana","Commercial Investigation / Transactional","Medium","/locations/indiana/domain-monitoring"
"Data Breach Monitoring","Indiana","Data Breach Monitoring Indiana","data breach monitoring services in Indiana; cybersecurity Indiana; Indiana data breach monitoring company; enterprise data breach monitoring Indiana; best data breach monitoring Indiana","Commercial Investigation / Transactional","Medium","/locations/indiana/data-breach-monitoring"
"Brand Monitoring","Indiana","Brand Monitoring Indiana","brand monitoring services in Indiana; cybersecurity Indiana; Indiana brand monitoring company; enterprise brand monitoring Indiana; best brand monitoring Indiana","Commercial Investigation / Transactional","Medium","/locations/indiana/brand-monitoring"
"Executive Monitoring","Indiana","Executive Monitoring Indiana","executive monitoring services in Indiana; cybersecurity Indiana; Indiana executive monitoring company; enterprise executive monitoring Indiana; best executive monitoring Indiana","Commercial Investigation / Transactional","Medium","/locations/indiana/executive-monitoring"
"Threat Intelligence","Indiana","Threat Intelligence Indiana","threat intelligence services in Indiana; cybersecurity Indiana; Indiana threat intelligence company; enterprise threat intelligence Indiana; best threat intelligence Indiana","Commercial Investigation / Transactional","Medium","/locations/indiana/threat-intelligence"
"Digital Risk Protection","Indiana","Digital Risk Protection Indiana","digital risk protection services in Indiana; cybersecurity Indiana; Indiana digital risk protection company; enterprise digital risk protection Indiana; best digital risk protection Indiana","Commercial Investigation / Transactional","Medium","/locations/indiana/digital-risk-protection"
"Attack Surface Monitoring","Indiana","Attack Surface Monitoring Indiana","attack surface monitoring services in Indiana; cybersecurity Indiana; Indiana attack surface monitoring company; enterprise attack surface monitoring Indiana; best attack surface monitoring Indiana","Commercial Investigation / Transactional","Medium","/locations/indiana/attack-surface-monitoring"
"Dark Web Monitoring","Missouri","Dark Web Monitoring Missouri","dark web monitoring services in Missouri; cybersecurity Missouri; Missouri dark web monitoring company; enterprise dark web monitoring Missouri; best dark web monitoring Missouri","Commercial Investigation / Transactional","Medium","/locations/missouri/dark-web-monitoring"
"Credential Monitoring","Missouri","Credential Monitoring Missouri","credential monitoring services in Missouri; cybersecurity Missouri; Missouri credential monitoring company; enterprise credential monitoring Missouri; best credential monitoring Missouri","Commercial Investigation / Transactional","Medium","/locations/missouri/credential-monitoring"
"Domain Monitoring","Missouri","Domain Monitoring Missouri","domain monitoring services in Missouri; cybersecurity Missouri; Missouri domain monitoring company; enterprise domain monitoring Missouri; best domain monitoring Missouri","Commercial Investigation / Transactional","Medium","/locations/missouri/domain-monitoring"
"Data Breach Monitoring","Missouri","Data Breach Monitoring Missouri","data breach monitoring services in Missouri; cybersecurity Missouri; Missouri data breach monitoring company; enterprise data breach monitoring Missouri; best data breach monitoring Missouri","Commercial Investigation / Transactional","Medium","/locations/missouri/data-breach-monitoring"
"Brand Monitoring","Missouri","Brand Monitoring Missouri","brand monitoring services in Missouri; cybersecurity Missouri; Missouri brand monitoring company; enterprise brand monitoring Missouri; best brand monitoring Missouri","Commercial Investigation / Transactional","Medium","/locations/missouri/brand-monitoring"
"Executive Monitoring","Missouri","Executive Monitoring Missouri","executive monitoring services in Missouri; cybersecurity Missouri; Missouri executive monitoring company; enterprise executive monitoring Missouri; best executive monitoring Missouri","Commercial Investigation / Transactional","Medium","/locations/missouri/executive-monitoring"
"Threat Intelligence","Missouri","Threat Intelligence Missouri","threat intelligence services in Missouri; cybersecurity Missouri; Missouri threat intelligence company; enterprise threat intelligence Missouri; best threat intelligence Missouri","Commercial Investigation / Transactional","Medium","/locations/missouri/threat-intelligence"
"Digital Risk Protection","Missouri","Digital Risk Protection Missouri","digital risk protection services in Missouri; cybersecurity Missouri; Missouri digital risk protection company; enterprise digital risk protection Missouri; best digital risk protection Missouri","Commercial Investigation / Transactional","Medium","/locations/missouri/digital-risk-protection"
"Attack Surface Monitoring","Missouri","Attack Surface Monitoring Missouri","attack surface monitoring services in Missouri; cybersecurity Missouri; Missouri attack surface monitoring company; enterprise attack surface monitoring Missouri; best attack surface monitoring Missouri","Commercial Investigation / Transactional","Medium","/locations/missouri/attack-surface-monitoring"
"Dark Web Monitoring","Maryland","Dark Web Monitoring Maryland","dark web monitoring services in Maryland; cybersecurity Maryland; Maryland dark web monitoring company; enterprise dark web monitoring Maryland; best dark web monitoring Maryland","Commercial Investigation / Transactional","Medium","/locations/maryland/dark-web-monitoring"
"Credential Monitoring","Maryland","Credential Monitoring Maryland","credential monitoring services in Maryland; cybersecurity Maryland; Maryland credential monitoring company; enterprise credential monitoring Maryland; best credential monitoring Maryland","Commercial Investigation / Transactional","Medium","/locations/maryland/credential-monitoring"
"Domain Monitoring","Maryland","Domain Monitoring Maryland","domain monitoring services in Maryland; cybersecurity Maryland; Maryland domain monitoring company; enterprise domain monitoring Maryland; best domain monitoring Maryland","Commercial Investigation / Transactional","Medium","/locations/maryland/domain-monitoring"
"Data Breach Monitoring","Maryland","Data Breach Monitoring Maryland","data breach monitoring services in Maryland; cybersecurity Maryland; Maryland data breach monitoring company; enterprise data breach monitoring Maryland; best data breach monitoring Maryland","Commercial Investigation / Transactional","Medium","/locations/maryland/data-breach-monitoring"
"Brand Monitoring","Maryland","Brand Monitoring Maryland","brand monitoring services in Maryland; cybersecurity Maryland; Maryland brand monitoring company; enterprise brand monitoring Maryland; best brand monitoring Maryland","Commercial Investigation / Transactional","Medium","/locations/maryland/brand-monitoring"
"Executive Monitoring","Maryland","Executive Monitoring Maryland","executive monitoring services in Maryland; cybersecurity Maryland; Maryland executive monitoring company; enterprise executive monitoring Maryland; best executive monitoring Maryland","Commercial Investigation / Transactional","Medium","/locations/maryland/executive-monitoring"
"Threat Intelligence","Maryland","Threat Intelligence Maryland","threat intelligence services in Maryland; cybersecurity Maryland; Maryland threat intelligence company; enterprise threat intelligence Maryland; best threat intelligence Maryland","Commercial Investigation / Transactional","Medium","/locations/maryland/threat-intelligence"
"Digital Risk Protection","Maryland","Digital Risk Protection Maryland","digital risk protection services in Maryland; cybersecurity Maryland; Maryland digital risk protection company; enterprise digital risk protection Maryland; best digital risk protection Maryland","Commercial Investigation / Transactional","Medium","/locations/maryland/digital-risk-protection"
"Attack Surface Monitoring","Maryland","Attack Surface Monitoring Maryland","attack surface monitoring services in Maryland; cybersecurity Maryland; Maryland attack surface monitoring company; enterprise attack surface monitoring Maryland; best attack surface monitoring Maryland","Commercial Investigation / Transactional","Medium","/locations/maryland/attack-surface-monitoring"
"Dark Web Monitoring","Wisconsin","Dark Web Monitoring Wisconsin","dark web monitoring services in Wisconsin; cybersecurity Wisconsin; Wisconsin dark web monitoring company; enterprise dark web monitoring Wisconsin; best dark web monitoring Wisconsin","Commercial Investigation / Transactional","Medium","/locations/wisconsin/dark-web-monitoring"
"Credential Monitoring","Wisconsin","Credential Monitoring Wisconsin","credential monitoring services in Wisconsin; cybersecurity Wisconsin; Wisconsin credential monitoring company; enterprise credential monitoring Wisconsin; best credential monitoring Wisconsin","Commercial Investigation / Transactional","Medium","/locations/wisconsin/credential-monitoring"
"Domain Monitoring","Wisconsin","Domain Monitoring Wisconsin","domain monitoring services in Wisconsin; cybersecurity Wisconsin; Wisconsin domain monitoring company; enterprise domain monitoring Wisconsin; best domain monitoring Wisconsin","Commercial Investigation / Transactional","Medium","/locations/wisconsin/domain-monitoring"
"Data Breach Monitoring","Wisconsin","Data Breach Monitoring Wisconsin","data breach monitoring services in Wisconsin; cybersecurity Wisconsin; Wisconsin data breach monitoring company; enterprise data breach monitoring Wisconsin; best data breach monitoring Wisconsin","Commercial Investigation / Transactional","Medium","/locations/wisconsin/data-breach-monitoring"
"Brand Monitoring","Wisconsin","Brand Monitoring Wisconsin","brand monitoring services in Wisconsin; cybersecurity Wisconsin; Wisconsin brand monitoring company; enterprise brand monitoring Wisconsin; best brand monitoring Wisconsin","Commercial Investigation / Transactional","Medium","/locations/wisconsin/brand-monitoring"
"Executive Monitoring","Wisconsin","Executive Monitoring Wisconsin","executive monitoring services in Wisconsin; cybersecurity Wisconsin; Wisconsin executive monitoring company; enterprise executive monitoring Wisconsin; best executive monitoring Wisconsin","Commercial Investigation / Transactional","Medium","/locations/wisconsin/executive-monitoring"
"Threat Intelligence","Wisconsin","Threat Intelligence Wisconsin","threat intelligence services in Wisconsin; cybersecurity Wisconsin; Wisconsin threat intelligence company; enterprise threat intelligence Wisconsin; best threat intelligence Wisconsin","Commercial Investigation / Transactional","Medium","/locations/wisconsin/threat-intelligence"
"Digital Risk Protection","Wisconsin","Digital Risk Protection Wisconsin","digital risk protection services in Wisconsin; cybersecurity Wisconsin; Wisconsin digital risk protection company; enterprise digital risk protection Wisconsin; best digital risk protection Wisconsin","Commercial Investigation / Transactional","Medium","/locations/wisconsin/digital-risk-protection"
"Attack Surface Monitoring","Wisconsin","Attack Surface Monitoring Wisconsin","attack surface monitoring services in Wisconsin; cybersecurity Wisconsin; Wisconsin attack surface monitoring company; enterprise attack surface monitoring Wisconsin; best attack surface monitoring Wisconsin","Commercial Investigation / Transactional","Medium","/locations/wisconsin/attack-surface-monitoring"
"Dark Web Monitoring","Colorado","Dark Web Monitoring Colorado","dark web monitoring services in Colorado; cybersecurity Colorado; Colorado dark web monitoring company; enterprise dark web monitoring Colorado; best dark web monitoring Colorado","Commercial Investigation / Transactional","Medium","/locations/colorado/dark-web-monitoring"
"Credential Monitoring","Colorado","Credential Monitoring Colorado","credential monitoring services in Colorado; cybersecurity Colorado; Colorado credential monitoring company; enterprise credential monitoring Colorado; best credential monitoring Colorado","Commercial Investigation / Transactional","Medium","/locations/colorado/credential-monitoring"
"Domain Monitoring","Colorado","Domain Monitoring Colorado","domain monitoring services in Colorado; cybersecurity Colorado; Colorado domain monitoring company; enterprise domain monitoring Colorado; best domain monitoring Colorado","Commercial Investigation / Transactional","Medium","/locations/colorado/domain-monitoring"
"Data Breach Monitoring","Colorado","Data Breach Monitoring Colorado","data breach monitoring services in Colorado; cybersecurity Colorado; Colorado data breach monitoring company; enterprise data breach monitoring Colorado; best data breach monitoring Colorado","Commercial Investigation / Transactional","Medium","/locations/colorado/data-breach-monitoring"
"Brand Monitoring","Colorado","Brand Monitoring Colorado","brand monitoring services in Colorado; cybersecurity Colorado; Colorado brand monitoring company; enterprise brand monitoring Colorado; best brand monitoring Colorado","Commercial Investigation / Transactional","Medium","/locations/colorado/brand-monitoring"
"Executive Monitoring","Colorado","Executive Monitoring Colorado","executive monitoring services in Colorado; cybersecurity Colorado; Colorado executive monitoring company; enterprise executive monitoring Colorado; best executive monitoring Colorado","Commercial Investigation / Transactional","Medium","/locations/colorado/executive-monitoring"
"Threat Intelligence","Colorado","Threat Intelligence Colorado","threat intelligence services in Colorado; cybersecurity Colorado; Colorado threat intelligence company; enterprise threat intelligence Colorado; best threat intelligence Colorado","Commercial Investigation / Transactional","Medium","/locations/colorado/threat-intelligence"
"Digital Risk Protection","Colorado","Digital Risk Protection Colorado","digital risk protection services in Colorado; cybersecurity Colorado; Colorado digital risk protection company; enterprise digital risk protection Colorado; best digital risk protection Colorado","Commercial Investigation / Transactional","Medium","/locations/colorado/digital-risk-protection"
"Attack Surface Monitoring","Colorado","Attack Surface Monitoring Colorado","attack surface monitoring services in Colorado; cybersecurity Colorado; Colorado attack surface monitoring company; enterprise attack surface monitoring Colorado; best attack surface monitoring Colorado","Commercial Investigation / Transactional","Medium","/locations/colorado/attack-surface-monitoring"
"Dark Web Monitoring","Minnesota","Dark Web Monitoring Minnesota","dark web monitoring services in Minnesota; cybersecurity Minnesota; Minnesota dark web monitoring company; enterprise dark web monitoring Minnesota; best dark web monitoring Minnesota","Commercial Investigation / Transactional","Medium","/locations/minnesota/dark-web-monitoring"
"Credential Monitoring","Minnesota","Credential Monitoring Minnesota","credential monitoring services in Minnesota; cybersecurity Minnesota; Minnesota credential monitoring company; enterprise credential monitoring Minnesota; best credential monitoring Minnesota","Commercial Investigation / Transactional","Medium","/locations/minnesota/credential-monitoring"
"Domain Monitoring","Minnesota","Domain Monitoring Minnesota","domain monitoring services in Minnesota; cybersecurity Minnesota; Minnesota domain monitoring company; enterprise domain monitoring Minnesota; best domain monitoring Minnesota","Commercial Investigation / Transactional","Medium","/locations/minnesota/domain-monitoring"
"Data Breach Monitoring","Minnesota","Data Breach Monitoring Minnesota","data breach monitoring services in Minnesota; cybersecurity Minnesota; Minnesota data breach monitoring company; enterprise data breach monitoring Minnesota; best data breach monitoring Minnesota","Commercial Investigation / Transactional","Medium","/locations/minnesota/data-breach-monitoring"
"Brand Monitoring","Minnesota","Brand Monitoring Minnesota","brand monitoring services in Minnesota; cybersecurity Minnesota; Minnesota brand monitoring company; enterprise brand monitoring Minnesota; best brand monitoring Minnesota","Commercial Investigation / Transactional","Medium","/locations/minnesota/brand-monitoring"
"Executive Monitoring","Minnesota","Executive Monitoring Minnesota","executive monitoring services in Minnesota; cybersecurity Minnesota; Minnesota executive monitoring company; enterprise executive monitoring Minnesota; best executive monitoring Minnesota","Commercial Investigation / Transactional","Medium","/locations/minnesota/executive-monitoring"
"Threat Intelligence","Minnesota","Threat Intelligence Minnesota","threat intelligence services in Minnesota; cybersecurity Minnesota; Minnesota threat intelligence company; enterprise threat intelligence Minnesota; best threat intelligence Minnesota","Commercial Investigation / Transactional","Medium","/locations/minnesota/threat-intelligence"
"Digital Risk Protection","Minnesota","Digital Risk Protection Minnesota","digital risk protection services in Minnesota; cybersecurity Minnesota; Minnesota digital risk protection company; enterprise digital risk protection Minnesota; best digital risk protection Minnesota","Commercial Investigation / Transactional","Medium","/locations/minnesota/digital-risk-protection"
"Attack Surface Monitoring","Minnesota","Attack Surface Monitoring Minnesota","attack surface monitoring services in Minnesota; cybersecurity Minnesota; Minnesota attack surface monitoring company; enterprise attack surface monitoring Minnesota; best attack surface monitoring Minnesota","Commercial Investigation / Transactional","Medium","/locations/minnesota/attack-surface-monitoring"
"Dark Web Monitoring","South Carolina","Dark Web Monitoring South Carolina","dark web monitoring services in South Carolina; cybersecurity South Carolina; South Carolina dark web monitoring company; enterprise dark web monitoring South Carolina; best dark web monitoring South Carolina","Commercial Investigation / Transactional","Medium","/locations/south-carolina/dark-web-monitoring"
"Credential Monitoring","South Carolina","Credential Monitoring South Carolina","credential monitoring services in South Carolina; cybersecurity South Carolina; South Carolina credential monitoring company; enterprise credential monitoring South Carolina; best credential monitoring South Carolina","Commercial Investigation / Transactional","Medium","/locations/south-carolina/credential-monitoring"
"Domain Monitoring","South Carolina","Domain Monitoring South Carolina","domain monitoring services in South Carolina; cybersecurity South Carolina; South Carolina domain monitoring company; enterprise domain monitoring South Carolina; best domain monitoring South Carolina","Commercial Investigation / Transactional","Medium","/locations/south-carolina/domain-monitoring"
"Data Breach Monitoring","South Carolina","Data Breach Monitoring South Carolina","data breach monitoring services in South Carolina; cybersecurity South Carolina; South Carolina data breach monitoring company; enterprise data breach monitoring South Carolina; best data breach monitoring South Carolina","Commercial Investigation / Transactional","Medium","/locations/south-carolina/data-breach-monitoring"
"Brand Monitoring","South Carolina","Brand Monitoring South Carolina","brand monitoring services in South Carolina; cybersecurity South Carolina; South Carolina brand monitoring company; enterprise brand monitoring South Carolina; best brand monitoring South Carolina","Commercial Investigation / Transactional","Medium","/locations/south-carolina/brand-monitoring"
"Executive Monitoring","South Carolina","Executive Monitoring South Carolina","executive monitoring services in South Carolina; cybersecurity South Carolina; South Carolina executive monitoring company; enterprise executive monitoring South Carolina; best executive monitoring South Carolina","Commercial Investigation / Transactional","Medium","/locations/south-carolina/executive-monitoring"
"Threat Intelligence","South Carolina","Threat Intelligence South Carolina","threat intelligence services in South Carolina; cybersecurity South Carolina; South Carolina threat intelligence company; enterprise threat intelligence South Carolina; best threat intelligence South Carolina","Commercial Investigation / Transactional","Medium","/locations/south-carolina/threat-intelligence"
"Digital Risk Protection","South Carolina","Digital Risk Protection South Carolina","digital risk protection services in South Carolina; cybersecurity South Carolina; South Carolina digital risk protection company; enterprise digital risk protection South Carolina; best digital risk protection South Carolina","Commercial Investigation / Transactional","Medium","/locations/south-carolina/digital-risk-protection"
"Attack Surface Monitoring","South Carolina","Attack Surface Monitoring South Carolina","attack surface monitoring services in South Carolina; cybersecurity South Carolina; South Carolina attack surface monitoring company; enterprise attack surface monitoring South Carolina; best attack surface monitoring South Carolina","Commercial Investigation / Transactional","Medium","/locations/south-carolina/attack-surface-monitoring"
"Dark Web Monitoring","Alabama","Dark Web Monitoring Alabama","dark web monitoring services in Alabama; cybersecurity Alabama; Alabama dark web monitoring company; enterprise dark web monitoring Alabama; best dark web monitoring Alabama","Commercial Investigation / Transactional","Medium","/locations/alabama/dark-web-monitoring"
"Credential Monitoring","Alabama","Credential Monitoring Alabama","credential monitoring services in Alabama; cybersecurity Alabama; Alabama credential monitoring company; enterprise credential monitoring Alabama; best credential monitoring Alabama","Commercial Investigation / Transactional","Medium","/locations/alabama/credential-monitoring"
"Domain Monitoring","Alabama","Domain Monitoring Alabama","domain monitoring services in Alabama; cybersecurity Alabama; Alabama domain monitoring company; enterprise domain monitoring Alabama; best domain monitoring Alabama","Commercial Investigation / Transactional","Medium","/locations/alabama/domain-monitoring"
"Data Breach Monitoring","Alabama","Data Breach Monitoring Alabama","data breach monitoring services in Alabama; cybersecurity Alabama; Alabama data breach monitoring company; enterprise data breach monitoring Alabama; best data breach monitoring Alabama","Commercial Investigation / Transactional","Medium","/locations/alabama/data-breach-monitoring"
"Brand Monitoring","Alabama","Brand Monitoring Alabama","brand monitoring services in Alabama; cybersecurity Alabama; Alabama brand monitoring company; enterprise brand monitoring Alabama; best brand monitoring Alabama","Commercial Investigation / Transactional","Medium","/locations/alabama/brand-monitoring"
"Executive Monitoring","Alabama","Executive Monitoring Alabama","executive monitoring services in Alabama; cybersecurity Alabama; Alabama executive monitoring company; enterprise executive monitoring Alabama; best executive monitoring Alabama","Commercial Investigation / Transactional","Medium","/locations/alabama/executive-monitoring"
"Threat Intelligence","Alabama","Threat Intelligence Alabama","threat intelligence services in Alabama; cybersecurity Alabama; Alabama threat intelligence company; enterprise threat intelligence Alabama; best threat intelligence Alabama","Commercial Investigation / Transactional","Medium","/locations/alabama/threat-intelligence"
"Digital Risk Protection","Alabama","Digital Risk Protection Alabama","digital risk protection services in Alabama; cybersecurity Alabama; Alabama digital risk protection company; enterprise digital risk protection Alabama; best digital risk protection Alabama","Commercial Investigation / Transactional","Medium","/locations/alabama/digital-risk-protection"
"Attack Surface Monitoring","Alabama","Attack Surface Monitoring Alabama","attack surface monitoring services in Alabama; cybersecurity Alabama; Alabama attack surface monitoring company; enterprise attack surface monitoring Alabama; best attack surface monitoring Alabama","Commercial Investigation / Transactional","Medium","/locations/alabama/attack-surface-monitoring"
"Dark Web Monitoring","Louisiana","Dark Web Monitoring Louisiana","dark web monitoring services in Louisiana; cybersecurity Louisiana; Louisiana dark web monitoring company; enterprise dark web monitoring Louisiana; best dark web monitoring Louisiana","Commercial Investigation / Transactional","Medium","/locations/louisiana/dark-web-monitoring"
"Credential Monitoring","Louisiana","Credential Monitoring Louisiana","credential monitoring services in Louisiana; cybersecurity Louisiana; Louisiana credential monitoring company; enterprise credential monitoring Louisiana; best credential monitoring Louisiana","Commercial Investigation / Transactional","Medium","/locations/louisiana/credential-monitoring"
"Domain Monitoring","Louisiana","Domain Monitoring Louisiana","domain monitoring services in Louisiana; cybersecurity Louisiana; Louisiana domain monitoring company; enterprise domain monitoring Louisiana; best domain monitoring Louisiana","Commercial Investigation / Transactional","Medium","/locations/louisiana/domain-monitoring"
"Data Breach Monitoring","Louisiana","Data Breach Monitoring Louisiana","data breach monitoring services in Louisiana; cybersecurity Louisiana; Louisiana data breach monitoring company; enterprise data breach monitoring Louisiana; best data breach monitoring Louisiana","Commercial Investigation / Transactional","Medium","/locations/louisiana/data-breach-monitoring"
"Brand Monitoring","Louisiana","Brand Monitoring Louisiana","brand monitoring services in Louisiana; cybersecurity Louisiana; Louisiana brand monitoring company; enterprise brand monitoring Louisiana; best brand monitoring Louisiana","Commercial Investigation / Transactional","Medium","/locations/louisiana/brand-monitoring"
"Executive Monitoring","Louisiana","Executive Monitoring Louisiana","executive monitoring services in Louisiana; cybersecurity Louisiana; Louisiana executive monitoring company; enterprise executive monitoring Louisiana; best executive monitoring Louisiana","Commercial Investigation / Transactional","Medium","/locations/louisiana/executive-monitoring"
"Threat Intelligence","Louisiana","Threat Intelligence Louisiana","threat intelligence services in Louisiana; cybersecurity Louisiana; Louisiana threat intelligence company; enterprise threat intelligence Louisiana; best threat intelligence Louisiana","Commercial Investigation / Transactional","Medium","/locations/louisiana/threat-intelligence"
"Digital Risk Protection","Louisiana","Digital Risk Protection Louisiana","digital risk protection services in Louisiana; cybersecurity Louisiana; Louisiana digital risk protection company; enterprise digital risk protection Louisiana; best digital risk protection Louisiana","Commercial Investigation / Transactional","Medium","/locations/louisiana/digital-risk-protection"
"Attack Surface Monitoring","Louisiana","Attack Surface Monitoring Louisiana","attack surface monitoring services in Louisiana; cybersecurity Louisiana; Louisiana attack surface monitoring company; enterprise attack surface monitoring Louisiana; best attack surface monitoring Louisiana","Commercial Investigation / Transactional","Medium","/locations/louisiana/attack-surface-monitoring"
"Dark Web Monitoring","Kentucky","Dark Web Monitoring Kentucky","dark web monitoring services in Kentucky; cybersecurity Kentucky; Kentucky dark web monitoring company; enterprise dark web monitoring Kentucky; best dark web monitoring Kentucky","Commercial Investigation / Transactional","Medium","/locations/kentucky/dark-web-monitoring"
"Credential Monitoring","Kentucky","Credential Monitoring Kentucky","credential monitoring services in Kentucky; cybersecurity Kentucky; Kentucky credential monitoring company; enterprise credential monitoring Kentucky; best credential monitoring Kentucky","Commercial Investigation / Transactional","Medium","/locations/kentucky/credential-monitoring"
"Domain Monitoring","Kentucky","Domain Monitoring Kentucky","domain monitoring services in Kentucky; cybersecurity Kentucky; Kentucky domain monitoring company; enterprise domain monitoring Kentucky; best domain monitoring Kentucky","Commercial Investigation / Transactional","Medium","/locations/kentucky/domain-monitoring"
"Data Breach Monitoring","Kentucky","Data Breach Monitoring Kentucky","data breach monitoring services in Kentucky; cybersecurity Kentucky; Kentucky data breach monitoring company; enterprise data breach monitoring Kentucky; best data breach monitoring Kentucky","Commercial Investigation / Transactional","Medium","/locations/kentucky/data-breach-monitoring"
"Brand Monitoring","Kentucky","Brand Monitoring Kentucky","brand monitoring services in Kentucky; cybersecurity Kentucky; Kentucky brand monitoring company; enterprise brand monitoring Kentucky; best brand monitoring Kentucky","Commercial Investigation / Transactional","Medium","/locations/kentucky/brand-monitoring"
"Executive Monitoring","Kentucky","Executive Monitoring Kentucky","executive monitoring services in Kentucky; cybersecurity Kentucky; Kentucky executive monitoring company; enterprise executive monitoring Kentucky; best executive monitoring Kentucky","Commercial Investigation / Transactional","Medium","/locations/kentucky/executive-monitoring"
"Threat Intelligence","Kentucky","Threat Intelligence Kentucky","threat intelligence services in Kentucky; cybersecurity Kentucky; Kentucky threat intelligence company; enterprise threat intelligence Kentucky; best threat intelligence Kentucky","Commercial Investigation / Transactional","Medium","/locations/kentucky/threat-intelligence"
"Digital Risk Protection","Kentucky","Digital Risk Protection Kentucky","digital risk protection services in Kentucky; cybersecurity Kentucky; Kentucky digital risk protection company; enterprise digital risk protection Kentucky; best digital risk protection Kentucky","Commercial Investigation / Transactional","Medium","/locations/kentucky/digital-risk-protection"
"Attack Surface Monitoring","Kentucky","Attack Surface Monitoring Kentucky","attack surface monitoring services in Kentucky; cybersecurity Kentucky; Kentucky attack surface monitoring company; enterprise attack surface monitoring Kentucky; best attack surface monitoring Kentucky","Commercial Investigation / Transactional","Medium","/locations/kentucky/attack-surface-monitoring"
"Dark Web Monitoring","Oregon","Dark Web Monitoring Oregon","dark web monitoring services in Oregon; cybersecurity Oregon; Oregon dark web monitoring company; enterprise dark web monitoring Oregon; best dark web monitoring Oregon","Commercial Investigation / Transactional","Medium","/locations/oregon/dark-web-monitoring"
"Credential Monitoring","Oregon","Credential Monitoring Oregon","credential monitoring services in Oregon; cybersecurity Oregon; Oregon credential monitoring company; enterprise credential monitoring Oregon; best credential monitoring Oregon","Commercial Investigation / Transactional","Medium","/locations/oregon/credential-monitoring"
"Domain Monitoring","Oregon","Domain Monitoring Oregon","domain monitoring services in Oregon; cybersecurity Oregon; Oregon domain monitoring company; enterprise domain monitoring Oregon; best domain monitoring Oregon","Commercial Investigation / Transactional","Medium","/locations/oregon/domain-monitoring"
"Data Breach Monitoring","Oregon","Data Breach Monitoring Oregon","data breach monitoring services in Oregon; cybersecurity Oregon; Oregon data breach monitoring company; enterprise data breach monitoring Oregon; best data breach monitoring Oregon","Commercial Investigation / Transactional","Medium","/locations/oregon/data-breach-monitoring"
"Brand Monitoring","Oregon","Brand Monitoring Oregon","brand monitoring services in Oregon; cybersecurity Oregon; Oregon brand monitoring company; enterprise brand monitoring Oregon; best brand monitoring Oregon","Commercial Investigation / Transactional","Medium","/locations/oregon/brand-monitoring"
"Executive Monitoring","Oregon","Executive Monitoring Oregon","executive monitoring services in Oregon; cybersecurity Oregon; Oregon executive monitoring company; enterprise executive monitoring Oregon; best executive monitoring Oregon","Commercial Investigation / Transactional","Medium","/locations/oregon/executive-monitoring"
"Threat Intelligence","Oregon","Threat Intelligence Oregon","threat intelligence services in Oregon; cybersecurity Oregon; Oregon threat intelligence company; enterprise threat intelligence Oregon; best threat intelligence Oregon","Commercial Investigation / Transactional","Medium","/locations/oregon/threat-intelligence"
"Digital Risk Protection","Oregon","Digital Risk Protection Oregon","digital risk protection services in Oregon; cybersecurity Oregon; Oregon digital risk protection company; enterprise digital risk protection Oregon; best digital risk protection Oregon","Commercial Investigation / Transactional","Medium","/locations/oregon/digital-risk-protection"
"Attack Surface Monitoring","Oregon","Attack Surface Monitoring Oregon","attack surface monitoring services in Oregon; cybersecurity Oregon; Oregon attack surface monitoring company; enterprise attack surface monitoring Oregon; best attack surface monitoring Oregon","Commercial Investigation / Transactional","Medium","/locations/oregon/attack-surface-monitoring"
"Dark Web Monitoring","Oklahoma","Dark Web Monitoring Oklahoma","dark web monitoring services in Oklahoma; cybersecurity Oklahoma; Oklahoma dark web monitoring company; enterprise dark web monitoring Oklahoma; best dark web monitoring Oklahoma","Commercial Investigation / Transactional","Medium","/locations/oklahoma/dark-web-monitoring"
"Credential Monitoring","Oklahoma","Credential Monitoring Oklahoma","credential monitoring services in Oklahoma; cybersecurity Oklahoma; Oklahoma credential monitoring company; enterprise credential monitoring Oklahoma; best credential monitoring Oklahoma","Commercial Investigation / Transactional","Medium","/locations/oklahoma/credential-monitoring"
"Domain Monitoring","Oklahoma","Domain Monitoring Oklahoma","domain monitoring services in Oklahoma; cybersecurity Oklahoma; Oklahoma domain monitoring company; enterprise domain monitoring Oklahoma; best domain monitoring Oklahoma","Commercial Investigation / Transactional","Medium","/locations/oklahoma/domain-monitoring"
"Data Breach Monitoring","Oklahoma","Data Breach Monitoring Oklahoma","data breach monitoring services in Oklahoma; cybersecurity Oklahoma; Oklahoma data breach monitoring company; enterprise data breach monitoring Oklahoma; best data breach monitoring Oklahoma","Commercial Investigation / Transactional","Medium","/locations/oklahoma/data-breach-monitoring"
"Brand Monitoring","Oklahoma","Brand Monitoring Oklahoma","brand monitoring services in Oklahoma; cybersecurity Oklahoma; Oklahoma brand monitoring company; enterprise brand monitoring Oklahoma; best brand monitoring Oklahoma","Commercial Investigation / Transactional","Medium","/locations/oklahoma/brand-monitoring"
"Executive Monitoring","Oklahoma","Executive Monitoring Oklahoma","executive monitoring services in Oklahoma; cybersecurity Oklahoma; Oklahoma executive monitoring company; enterprise executive monitoring Oklahoma; best executive monitoring Oklahoma","Commercial Investigation / Transactional","Medium","/locations/oklahoma/executive-monitoring"
"Threat Intelligence","Oklahoma","Threat Intelligence Oklahoma","threat intelligence services in Oklahoma; cybersecurity Oklahoma; Oklahoma threat intelligence company; enterprise threat intelligence Oklahoma; best threat intelligence Oklahoma","Commercial Investigation / Transactional","Medium","/locations/oklahoma/threat-intelligence"
"Digital Risk Protection","Oklahoma","Digital Risk Protection Oklahoma","digital risk protection services in Oklahoma; cybersecurity Oklahoma; Oklahoma digital risk protection company; enterprise digital risk protection Oklahoma; best digital risk protection Oklahoma","Commercial Investigation / Transactional","Medium","/locations/oklahoma/digital-risk-protection"
"Attack Surface Monitoring","Oklahoma","Attack Surface Monitoring Oklahoma","attack surface monitoring services in Oklahoma; cybersecurity Oklahoma; Oklahoma attack surface monitoring company; enterprise attack surface monitoring Oklahoma; best attack surface monitoring Oklahoma","Commercial Investigation / Transactional","Medium","/locations/oklahoma/attack-surface-monitoring"
"Dark Web Monitoring","Connecticut","Dark Web Monitoring Connecticut","dark web monitoring services in Connecticut; cybersecurity Connecticut; Connecticut dark web monitoring company; enterprise dark web monitoring Connecticut; best dark web monitoring Connecticut","Commercial Investigation / Transactional","Medium","/locations/connecticut/dark-web-monitoring"
"Credential Monitoring","Connecticut","Credential Monitoring Connecticut","credential monitoring services in Connecticut; cybersecurity Connecticut; Connecticut credential monitoring company; enterprise credential monitoring Connecticut; best credential monitoring Connecticut","Commercial Investigation / Transactional","Medium","/locations/connecticut/credential-monitoring"
"Domain Monitoring","Connecticut","Domain Monitoring Connecticut","domain monitoring services in Connecticut; cybersecurity Connecticut; Connecticut domain monitoring company; enterprise domain monitoring Connecticut; best domain monitoring Connecticut","Commercial Investigation / Transactional","Medium","/locations/connecticut/domain-monitoring"
"Data Breach Monitoring","Connecticut","Data Breach Monitoring Connecticut","data breach monitoring services in Connecticut; cybersecurity Connecticut; Connecticut data breach monitoring company; enterprise data breach monitoring Connecticut; best data breach monitoring Connecticut","Commercial Investigation / Transactional","Medium","/locations/connecticut/data-breach-monitoring"
"Brand Monitoring","Connecticut","Brand Monitoring Connecticut","brand monitoring services in Connecticut; cybersecurity Connecticut; Connecticut brand monitoring company; enterprise brand monitoring Connecticut; best brand monitoring Connecticut","Commercial Investigation / Transactional","Medium","/locations/connecticut/brand-monitoring"
"Executive Monitoring","Connecticut","Executive Monitoring Connecticut","executive monitoring services in Connecticut; cybersecurity Connecticut; Connecticut executive monitoring company; enterprise executive monitoring Connecticut; best executive monitoring Connecticut","Commercial Investigation / Transactional","Medium","/locations/connecticut/executive-monitoring"
"Threat Intelligence","Connecticut","Threat Intelligence Connecticut","threat intelligence services in Connecticut; cybersecurity Connecticut; Connecticut threat intelligence company; enterprise threat intelligence Connecticut; best threat intelligence Connecticut","Commercial Investigation / Transactional","Medium","/locations/connecticut/threat-intelligence"
"Digital Risk Protection","Connecticut","Digital Risk Protection Connecticut","digital risk protection services in Connecticut; cybersecurity Connecticut; Connecticut digital risk protection company; enterprise digital risk protection Connecticut; best digital risk protection Connecticut","Commercial Investigation / Transactional","Medium","/locations/connecticut/digital-risk-protection"
"Attack Surface Monitoring","Connecticut","Attack Surface Monitoring Connecticut","attack surface monitoring services in Connecticut; cybersecurity Connecticut; Connecticut attack surface monitoring company; enterprise attack surface monitoring Connecticut; best attack surface monitoring Connecticut","Commercial Investigation / Transactional","Medium","/locations/connecticut/attack-surface-monitoring"
"Dark Web Monitoring","Utah","Dark Web Monitoring Utah","dark web monitoring services in Utah; cybersecurity Utah; Utah dark web monitoring company; enterprise dark web monitoring Utah; best dark web monitoring Utah","Commercial Investigation / Transactional","Medium","/locations/utah/dark-web-monitoring"
"Credential Monitoring","Utah","Credential Monitoring Utah","credential monitoring services in Utah; cybersecurity Utah; Utah credential monitoring company; enterprise credential monitoring Utah; best credential monitoring Utah","Commercial Investigation / Transactional","Medium","/locations/utah/credential-monitoring"
"Domain Monitoring","Utah","Domain Monitoring Utah","domain monitoring services in Utah; cybersecurity Utah; Utah domain monitoring company; enterprise domain monitoring Utah; best domain monitoring Utah","Commercial Investigation / Transactional","Medium","/locations/utah/domain-monitoring"
"Data Breach Monitoring","Utah","Data Breach Monitoring Utah","data breach monitoring services in Utah; cybersecurity Utah; Utah data breach monitoring company; enterprise data breach monitoring Utah; best data breach monitoring Utah","Commercial Investigation / Transactional","Medium","/locations/utah/data-breach-monitoring"
"Brand Monitoring","Utah","Brand Monitoring Utah","brand monitoring services in Utah; cybersecurity Utah; Utah brand monitoring company; enterprise brand monitoring Utah; best brand monitoring Utah","Commercial Investigation / Transactional","Medium","/locations/utah/brand-monitoring"
"Executive Monitoring","Utah","Executive Monitoring Utah","executive monitoring services in Utah; cybersecurity Utah; Utah executive monitoring company; enterprise executive monitoring Utah; best executive monitoring Utah","Commercial Investigation / Transactional","Medium","/locations/utah/executive-monitoring"
"Threat Intelligence","Utah","Threat Intelligence Utah","threat intelligence services in Utah; cybersecurity Utah; Utah threat intelligence company; enterprise threat intelligence Utah; best threat intelligence Utah","Commercial Investigation / Transactional","Medium","/locations/utah/threat-intelligence"
"Digital Risk Protection","Utah","Digital Risk Protection Utah","digital risk protection services in Utah; cybersecurity Utah; Utah digital risk protection company; enterprise digital risk protection Utah; best digital risk protection Utah","Commercial Investigation / Transactional","Medium","/locations/utah/digital-risk-protection"
"Attack Surface Monitoring","Utah","Attack Surface Monitoring Utah","attack surface monitoring services in Utah; cybersecurity Utah; Utah attack surface monitoring company; enterprise attack surface monitoring Utah; best attack surface monitoring Utah","Commercial Investigation / Transactional","Medium","/locations/utah/attack-surface-monitoring"
"Dark Web Monitoring","Iowa","Dark Web Monitoring Iowa","dark web monitoring services in Iowa; cybersecurity Iowa; Iowa dark web monitoring company; enterprise dark web monitoring Iowa; best dark web monitoring Iowa","Commercial Investigation / Transactional","Medium","/locations/iowa/dark-web-monitoring"
"Credential Monitoring","Iowa","Credential Monitoring Iowa","credential monitoring services in Iowa; cybersecurity Iowa; Iowa credential monitoring company; enterprise credential monitoring Iowa; best credential monitoring Iowa","Commercial Investigation / Transactional","Medium","/locations/iowa/credential-monitoring"
"Domain Monitoring","Iowa","Domain Monitoring Iowa","domain monitoring services in Iowa; cybersecurity Iowa; Iowa domain monitoring company; enterprise domain monitoring Iowa; best domain monitoring Iowa","Commercial Investigation / Transactional","Medium","/locations/iowa/domain-monitoring"
"Data Breach Monitoring","Iowa","Data Breach Monitoring Iowa","data breach monitoring services in Iowa; cybersecurity Iowa; Iowa data breach monitoring company; enterprise data breach monitoring Iowa; best data breach monitoring Iowa","Commercial Investigation / Transactional","Medium","/locations/iowa/data-breach-monitoring"
"Brand Monitoring","Iowa","Brand Monitoring Iowa","brand monitoring services in Iowa; cybersecurity Iowa; Iowa brand monitoring company; enterprise brand monitoring Iowa; best brand monitoring Iowa","Commercial Investigation / Transactional","Medium","/locations/iowa/brand-monitoring"
"Executive Monitoring","Iowa","Executive Monitoring Iowa","executive monitoring services in Iowa; cybersecurity Iowa; Iowa executive monitoring company; enterprise executive monitoring Iowa; best executive monitoring Iowa","Commercial Investigation / Transactional","Medium","/locations/iowa/executive-monitoring"
"Threat Intelligence","Iowa","Threat Intelligence Iowa","threat intelligence services in Iowa; cybersecurity Iowa; Iowa threat intelligence company; enterprise threat intelligence Iowa; best threat intelligence Iowa","Commercial Investigation / Transactional","Medium","/locations/iowa/threat-intelligence"
"Digital Risk Protection","Iowa","Digital Risk Protection Iowa","digital risk protection services in Iowa; cybersecurity Iowa; Iowa digital risk protection company; enterprise digital risk protection Iowa; best digital risk protection Iowa","Commercial Investigation / Transactional","Medium","/locations/iowa/digital-risk-protection"
"Attack Surface Monitoring","Iowa","Attack Surface Monitoring Iowa","attack surface monitoring services in Iowa; cybersecurity Iowa; Iowa attack surface monitoring company; enterprise attack surface monitoring Iowa; best attack surface monitoring Iowa","Commercial Investigation / Transactional","Medium","/locations/iowa/attack-surface-monitoring"
"Dark Web Monitoring","Nevada","Dark Web Monitoring Nevada","dark web monitoring services in Nevada; cybersecurity Nevada; Nevada dark web monitoring company; enterprise dark web monitoring Nevada; best dark web monitoring Nevada","Commercial Investigation / Transactional","Medium","/locations/nevada/dark-web-monitoring"
"Credential Monitoring","Nevada","Credential Monitoring Nevada","credential monitoring services in Nevada; cybersecurity Nevada; Nevada credential monitoring company; enterprise credential monitoring Nevada; best credential monitoring Nevada","Commercial Investigation / Transactional","Medium","/locations/nevada/credential-monitoring"
"Domain Monitoring","Nevada","Domain Monitoring Nevada","domain monitoring services in Nevada; cybersecurity Nevada; Nevada domain monitoring company; enterprise domain monitoring Nevada; best domain monitoring Nevada","Commercial Investigation / Transactional","Medium","/locations/nevada/domain-monitoring"
"Data Breach Monitoring","Nevada","Data Breach Monitoring Nevada","data breach monitoring services in Nevada; cybersecurity Nevada; Nevada data breach monitoring company; enterprise data breach monitoring Nevada; best data breach monitoring Nevada","Commercial Investigation / Transactional","Medium","/locations/nevada/data-breach-monitoring"
"Brand Monitoring","Nevada","Brand Monitoring Nevada","brand monitoring services in Nevada; cybersecurity Nevada; Nevada brand monitoring company; enterprise brand monitoring Nevada; best brand monitoring Nevada","Commercial Investigation / Transactional","Medium","/locations/nevada/brand-monitoring"
"Executive Monitoring","Nevada","Executive Monitoring Nevada","executive monitoring services in Nevada; cybersecurity Nevada; Nevada executive monitoring company; enterprise executive monitoring Nevada; best executive monitoring Nevada","Commercial Investigation / Transactional","Medium","/locations/nevada/executive-monitoring"
"Threat Intelligence","Nevada","Threat Intelligence Nevada","threat intelligence services in Nevada; cybersecurity Nevada; Nevada threat intelligence company; enterprise threat intelligence Nevada; best threat intelligence Nevada","Commercial Investigation / Transactional","Medium","/locations/nevada/threat-intelligence"
"Digital Risk Protection","Nevada","Digital Risk Protection Nevada","digital risk protection services in Nevada; cybersecurity Nevada; Nevada digital risk protection company; enterprise digital risk protection Nevada; best digital risk protection Nevada","Commercial Investigation / Transactional","Medium","/locations/nevada/digital-risk-protection"
"Attack Surface Monitoring","Nevada","Attack Surface Monitoring Nevada","attack surface monitoring services in Nevada; cybersecurity Nevada; Nevada attack surface monitoring company; enterprise attack surface monitoring Nevada; best attack surface monitoring Nevada","Commercial Investigation / Transactional","Medium","/locations/nevada/attack-surface-monitoring"
"Dark Web Monitoring","Arkansas","Dark Web Monitoring Arkansas","dark web monitoring services in Arkansas; cybersecurity Arkansas; Arkansas dark web monitoring company; enterprise dark web monitoring Arkansas; best dark web monitoring Arkansas","Commercial Investigation / Transactional","Medium","/locations/arkansas/dark-web-monitoring"
"Credential Monitoring","Arkansas","Credential Monitoring Arkansas","credential monitoring services in Arkansas; cybersecurity Arkansas; Arkansas credential monitoring company; enterprise credential monitoring Arkansas; best credential monitoring Arkansas","Commercial Investigation / Transactional","Medium","/locations/arkansas/credential-monitoring"
"Domain Monitoring","Arkansas","Domain Monitoring Arkansas","domain monitoring services in Arkansas; cybersecurity Arkansas; Arkansas domain monitoring company; enterprise domain monitoring Arkansas; best domain monitoring Arkansas","Commercial Investigation / Transactional","Medium","/locations/arkansas/domain-monitoring"
"Data Breach Monitoring","Arkansas","Data Breach Monitoring Arkansas","data breach monitoring services in Arkansas; cybersecurity Arkansas; Arkansas data breach monitoring company; enterprise data breach monitoring Arkansas; best data breach monitoring Arkansas","Commercial Investigation / Transactional","Medium","/locations/arkansas/data-breach-monitoring"
"Brand Monitoring","Arkansas","Brand Monitoring Arkansas","brand monitoring services in Arkansas; cybersecurity Arkansas; Arkansas brand monitoring company; enterprise brand monitoring Arkansas; best brand monitoring Arkansas","Commercial Investigation / Transactional","Medium","/locations/arkansas/brand-monitoring"
"Executive Monitoring","Arkansas","Executive Monitoring Arkansas","executive monitoring services in Arkansas; cybersecurity Arkansas; Arkansas executive monitoring company; enterprise executive monitoring Arkansas; best executive monitoring Arkansas","Commercial Investigation / Transactional","Medium","/locations/arkansas/executive-monitoring"
"Threat Intelligence","Arkansas","Threat Intelligence Arkansas","threat intelligence services in Arkansas; cybersecurity Arkansas; Arkansas threat intelligence company; enterprise threat intelligence Arkansas; best threat intelligence Arkansas","Commercial Investigation / Transactional","Medium","/locations/arkansas/threat-intelligence"
"Digital Risk Protection","Arkansas","Digital Risk Protection Arkansas","digital risk protection services in Arkansas; cybersecurity Arkansas; Arkansas digital risk protection company; enterprise digital risk protection Arkansas; best digital risk protection Arkansas","Commercial Investigation / Transactional","Medium","/locations/arkansas/digital-risk-protection"
"Attack Surface Monitoring","Arkansas","Attack Surface Monitoring Arkansas","attack surface monitoring services in Arkansas; cybersecurity Arkansas; Arkansas attack surface monitoring company; enterprise attack surface monitoring Arkansas; best attack surface monitoring Arkansas","Commercial Investigation / Transactional","Medium","/locations/arkansas/attack-surface-monitoring"
"Dark Web Monitoring","Mississippi","Dark Web Monitoring Mississippi","dark web monitoring services in Mississippi; cybersecurity Mississippi; Mississippi dark web monitoring company; enterprise dark web monitoring Mississippi; best dark web monitoring Mississippi","Commercial Investigation / Transactional","Medium","/locations/mississippi/dark-web-monitoring"
"Credential Monitoring","Mississippi","Credential Monitoring Mississippi","credential monitoring services in Mississippi; cybersecurity Mississippi; Mississippi credential monitoring company; enterprise credential monitoring Mississippi; best credential monitoring Mississippi","Commercial Investigation / Transactional","Medium","/locations/mississippi/credential-monitoring"
"Domain Monitoring","Mississippi","Domain Monitoring Mississippi","domain monitoring services in Mississippi; cybersecurity Mississippi; Mississippi domain monitoring company; enterprise domain monitoring Mississippi; best domain monitoring Mississippi","Commercial Investigation / Transactional","Medium","/locations/mississippi/domain-monitoring"
"Data Breach Monitoring","Mississippi","Data Breach Monitoring Mississippi","data breach monitoring services in Mississippi; cybersecurity Mississippi; Mississippi data breach monitoring company; enterprise data breach monitoring Mississippi; best data breach monitoring Mississippi","Commercial Investigation / Transactional","Medium","/locations/mississippi/data-breach-monitoring"
"Brand Monitoring","Mississippi","Brand Monitoring Mississippi","brand monitoring services in Mississippi; cybersecurity Mississippi; Mississippi brand monitoring company; enterprise brand monitoring Mississippi; best brand monitoring Mississippi","Commercial Investigation / Transactional","Medium","/locations/mississippi/brand-monitoring"
"Executive Monitoring","Mississippi","Executive Monitoring Mississippi","executive monitoring services in Mississippi; cybersecurity Mississippi; Mississippi executive monitoring company; enterprise executive monitoring Mississippi; best executive monitoring Mississippi","Commercial Investigation / Transactional","Medium","/locations/mississippi/executive-monitoring"
"Threat Intelligence","Mississippi","Threat Intelligence Mississippi","threat intelligence services in Mississippi; cybersecurity Mississippi; Mississippi threat intelligence company; enterprise threat intelligence Mississippi; best threat intelligence Mississippi","Commercial Investigation / Transactional","Medium","/locations/mississippi/threat-intelligence"
"Digital Risk Protection","Mississippi","Digital Risk Protection Mississippi","digital risk protection services in Mississippi; cybersecurity Mississippi; Mississippi digital risk protection company; enterprise digital risk protection Mississippi; best digital risk protection Mississippi","Commercial Investigation / Transactional","Medium","/locations/mississippi/digital-risk-protection"
"Attack Surface Monitoring","Mississippi","Attack Surface Monitoring Mississippi","attack surface monitoring services in Mississippi; cybersecurity Mississippi; Mississippi attack surface monitoring company; enterprise attack surface monitoring Mississippi; best attack surface monitoring Mississippi","Commercial Investigation / Transactional","Medium","/locations/mississippi/attack-surface-monitoring"
"Dark Web Monitoring","Kansas","Dark Web Monitoring Kansas","dark web monitoring services in Kansas; cybersecurity Kansas; Kansas dark web monitoring company; enterprise dark web monitoring Kansas; best dark web monitoring Kansas","Commercial Investigation / Transactional","Medium","/locations/kansas/dark-web-monitoring"
"Credential Monitoring","Kansas","Credential Monitoring Kansas","credential monitoring services in Kansas; cybersecurity Kansas; Kansas credential monitoring company; enterprise credential monitoring Kansas; best credential monitoring Kansas","Commercial Investigation / Transactional","Medium","/locations/kansas/credential-monitoring"
"Domain Monitoring","Kansas","Domain Monitoring Kansas","domain monitoring services in Kansas; cybersecurity Kansas; Kansas domain monitoring company; enterprise domain monitoring Kansas; best domain monitoring Kansas","Commercial Investigation / Transactional","Medium","/locations/kansas/domain-monitoring"
"Data Breach Monitoring","Kansas","Data Breach Monitoring Kansas","data breach monitoring services in Kansas; cybersecurity Kansas; Kansas data breach monitoring company; enterprise data breach monitoring Kansas; best data breach monitoring Kansas","Commercial Investigation / Transactional","Medium","/locations/kansas/data-breach-monitoring"
"Brand Monitoring","Kansas","Brand Monitoring Kansas","brand monitoring services in Kansas; cybersecurity Kansas; Kansas brand monitoring company; enterprise brand monitoring Kansas; best brand monitoring Kansas","Commercial Investigation / Transactional","Medium","/locations/kansas/brand-monitoring"
"Executive Monitoring","Kansas","Executive Monitoring Kansas","executive monitoring services in Kansas; cybersecurity Kansas; Kansas executive monitoring company; enterprise executive monitoring Kansas; best executive monitoring Kansas","Commercial Investigation / Transactional","Medium","/locations/kansas/executive-monitoring"
"Threat Intelligence","Kansas","Threat Intelligence Kansas","threat intelligence services in Kansas; cybersecurity Kansas; Kansas threat intelligence company; enterprise threat intelligence Kansas; best threat intelligence Kansas","Commercial Investigation / Transactional","Medium","/locations/kansas/threat-intelligence"
"Digital Risk Protection","Kansas","Digital Risk Protection Kansas","digital risk protection services in Kansas; cybersecurity Kansas; Kansas digital risk protection company; enterprise digital risk protection Kansas; best digital risk protection Kansas","Commercial Investigation / Transactional","Medium","/locations/kansas/digital-risk-protection"
"Attack Surface Monitoring","Kansas","Attack Surface Monitoring Kansas","attack surface monitoring services in Kansas; cybersecurity Kansas; Kansas attack surface monitoring company; enterprise attack surface monitoring Kansas; best attack surface monitoring Kansas","Commercial Investigation / Transactional","Medium","/locations/kansas/attack-surface-monitoring"
"Dark Web Monitoring","New Mexico","Dark Web Monitoring New Mexico","dark web monitoring services in New Mexico; cybersecurity New Mexico; New Mexico dark web monitoring company; enterprise dark web monitoring New Mexico; best dark web monitoring New Mexico","Commercial Investigation / Transactional","Medium","/locations/new-mexico/dark-web-monitoring"
"Credential Monitoring","New Mexico","Credential Monitoring New Mexico","credential monitoring services in New Mexico; cybersecurity New Mexico; New Mexico credential monitoring company; enterprise credential monitoring New Mexico; best credential monitoring New Mexico","Commercial Investigation / Transactional","Medium","/locations/new-mexico/credential-monitoring"
"Domain Monitoring","New Mexico","Domain Monitoring New Mexico","domain monitoring services in New Mexico; cybersecurity New Mexico; New Mexico domain monitoring company; enterprise domain monitoring New Mexico; best domain monitoring New Mexico","Commercial Investigation / Transactional","Medium","/locations/new-mexico/domain-monitoring"
"Data Breach Monitoring","New Mexico","Data Breach Monitoring New Mexico","data breach monitoring services in New Mexico; cybersecurity New Mexico; New Mexico data breach monitoring company; enterprise data breach monitoring New Mexico; best data breach monitoring New Mexico","Commercial Investigation / Transactional","Medium","/locations/new-mexico/data-breach-monitoring"
"Brand Monitoring","New Mexico","Brand Monitoring New Mexico","brand monitoring services in New Mexico; cybersecurity New Mexico; New Mexico brand monitoring company; enterprise brand monitoring New Mexico; best brand monitoring New Mexico","Commercial Investigation / Transactional","Medium","/locations/new-mexico/brand-monitoring"
"Executive Monitoring","New Mexico","Executive Monitoring New Mexico","executive monitoring services in New Mexico; cybersecurity New Mexico; New Mexico executive monitoring company; enterprise executive monitoring New Mexico; best executive monitoring New Mexico","Commercial Investigation / Transactional","Medium","/locations/new-mexico/executive-monitoring"
"Threat Intelligence","New Mexico","Threat Intelligence New Mexico","threat intelligence services in New Mexico; cybersecurity New Mexico; New Mexico threat intelligence company; enterprise threat intelligence New Mexico; best threat intelligence New Mexico","Commercial Investigation / Transactional","Medium","/locations/new-mexico/threat-intelligence"
"Digital Risk Protection","New Mexico","Digital Risk Protection New Mexico","digital risk protection services in New Mexico; cybersecurity New Mexico; New Mexico digital risk protection company; enterprise digital risk protection New Mexico; best digital risk protection New Mexico","Commercial Investigation / Transactional","Medium","/locations/new-mexico/digital-risk-protection"
"Attack Surface Monitoring","New Mexico","Attack Surface Monitoring New Mexico","attack surface monitoring services in New Mexico; cybersecurity New Mexico; New Mexico attack surface monitoring company; enterprise attack surface monitoring New Mexico; best attack surface monitoring New Mexico","Commercial Investigation / Transactional","Medium","/locations/new-mexico/attack-surface-monitoring"
"Dark Web Monitoring","Nebraska","Dark Web Monitoring Nebraska","dark web monitoring services in Nebraska; cybersecurity Nebraska; Nebraska dark web monitoring company; enterprise dark web monitoring Nebraska; best dark web monitoring Nebraska","Commercial Investigation / Transactional","Medium","/locations/nebraska/dark-web-monitoring"
"Credential Monitoring","Nebraska","Credential Monitoring Nebraska","credential monitoring services in Nebraska; cybersecurity Nebraska; Nebraska credential monitoring company; enterprise credential monitoring Nebraska; best credential monitoring Nebraska","Commercial Investigation / Transactional","Medium","/locations/nebraska/credential-monitoring"
"Domain Monitoring","Nebraska","Domain Monitoring Nebraska","domain monitoring services in Nebraska; cybersecurity Nebraska; Nebraska domain monitoring company; enterprise domain monitoring Nebraska; best domain monitoring Nebraska","Commercial Investigation / Transactional","Medium","/locations/nebraska/domain-monitoring"
"Data Breach Monitoring","Nebraska","Data Breach Monitoring Nebraska","data breach monitoring services in Nebraska; cybersecurity Nebraska; Nebraska data breach monitoring company; enterprise data breach monitoring Nebraska; best data breach monitoring Nebraska","Commercial Investigation / Transactional","Medium","/locations/nebraska/data-breach-monitoring"
"Brand Monitoring","Nebraska","Brand Monitoring Nebraska","brand monitoring services in Nebraska; cybersecurity Nebraska; Nebraska brand monitoring company; enterprise brand monitoring Nebraska; best brand monitoring Nebraska","Commercial Investigation / Transactional","Medium","/locations/nebraska/brand-monitoring"
"Executive Monitoring","Nebraska","Executive Monitoring Nebraska","executive monitoring services in Nebraska; cybersecurity Nebraska; Nebraska executive monitoring company; enterprise executive monitoring Nebraska; best executive monitoring Nebraska","Commercial Investigation / Transactional","Medium","/locations/nebraska/executive-monitoring"
"Threat Intelligence","Nebraska","Threat Intelligence Nebraska","threat intelligence services in Nebraska; cybersecurity Nebraska; Nebraska threat intelligence company; enterprise threat intelligence Nebraska; best threat intelligence Nebraska","Commercial Investigation / Transactional","Medium","/locations/nebraska/threat-intelligence"
"Digital Risk Protection","Nebraska","Digital Risk Protection Nebraska","digital risk protection services in Nebraska; cybersecurity Nebraska; Nebraska digital risk protection company; enterprise digital risk protection Nebraska; best digital risk protection Nebraska","Commercial Investigation / Transactional","Medium","/locations/nebraska/digital-risk-protection"
"Attack Surface Monitoring","Nebraska","Attack Surface Monitoring Nebraska","attack surface monitoring services in Nebraska; cybersecurity Nebraska; Nebraska attack surface monitoring company; enterprise attack surface monitoring Nebraska; best attack surface monitoring Nebraska","Commercial Investigation / Transactional","Medium","/locations/nebraska/attack-surface-monitoring"
"Dark Web Monitoring","Idaho","Dark Web Monitoring Idaho","dark web monitoring services in Idaho; cybersecurity Idaho; Idaho dark web monitoring company; enterprise dark web monitoring Idaho; best dark web monitoring Idaho","Commercial Investigation / Transactional","Medium","/locations/idaho/dark-web-monitoring"
"Credential Monitoring","Idaho","Credential Monitoring Idaho","credential monitoring services in Idaho; cybersecurity Idaho; Idaho credential monitoring company; enterprise credential monitoring Idaho; best credential monitoring Idaho","Commercial Investigation / Transactional","Medium","/locations/idaho/credential-monitoring"
"Domain Monitoring","Idaho","Domain Monitoring Idaho","domain monitoring services in Idaho; cybersecurity Idaho; Idaho domain monitoring company; enterprise domain monitoring Idaho; best domain monitoring Idaho","Commercial Investigation / Transactional","Medium","/locations/idaho/domain-monitoring"
"Data Breach Monitoring","Idaho","Data Breach Monitoring Idaho","data breach monitoring services in Idaho; cybersecurity Idaho; Idaho data breach monitoring company; enterprise data breach monitoring Idaho; best data breach monitoring Idaho","Commercial Investigation / Transactional","Medium","/locations/idaho/data-breach-monitoring"
"Brand Monitoring","Idaho","Brand Monitoring Idaho","brand monitoring services in Idaho; cybersecurity Idaho; Idaho brand monitoring company; enterprise brand monitoring Idaho; best brand monitoring Idaho","Commercial Investigation / Transactional","Medium","/locations/idaho/brand-monitoring"
"Executive Monitoring","Idaho","Executive Monitoring Idaho","executive monitoring services in Idaho; cybersecurity Idaho; Idaho executive monitoring company; enterprise executive monitoring Idaho; best executive monitoring Idaho","Commercial Investigation / Transactional","Medium","/locations/idaho/executive-monitoring"
"Threat Intelligence","Idaho","Threat Intelligence Idaho","threat intelligence services in Idaho; cybersecurity Idaho; Idaho threat intelligence company; enterprise threat intelligence Idaho; best threat intelligence Idaho","Commercial Investigation / Transactional","Medium","/locations/idaho/threat-intelligence"
"Digital Risk Protection","Idaho","Digital Risk Protection Idaho","digital risk protection services in Idaho; cybersecurity Idaho; Idaho digital risk protection company; enterprise digital risk protection Idaho; best digital risk protection Idaho","Commercial Investigation / Transactional","Medium","/locations/idaho/digital-risk-protection"
"Attack Surface Monitoring","Idaho","Attack Surface Monitoring Idaho","attack surface monitoring services in Idaho; cybersecurity Idaho; Idaho attack surface monitoring company; enterprise attack surface monitoring Idaho; best attack surface monitoring Idaho","Commercial Investigation / Transactional","Medium","/locations/idaho/attack-surface-monitoring"
"Dark Web Monitoring","West Virginia","Dark Web Monitoring West Virginia","dark web monitoring services in West Virginia; cybersecurity West Virginia; West Virginia dark web monitoring company; enterprise dark web monitoring West Virginia; best dark web monitoring West Virginia","Commercial Investigation / Transactional","Medium","/locations/west-virginia/dark-web-monitoring"
"Credential Monitoring","West Virginia","Credential Monitoring West Virginia","credential monitoring services in West Virginia; cybersecurity West Virginia; West Virginia credential monitoring company; enterprise credential monitoring West Virginia; best credential monitoring West Virginia","Commercial Investigation / Transactional","Medium","/locations/west-virginia/credential-monitoring"
"Domain Monitoring","West Virginia","Domain Monitoring West Virginia","domain monitoring services in West Virginia; cybersecurity West Virginia; West Virginia domain monitoring company; enterprise domain monitoring West Virginia; best domain monitoring West Virginia","Commercial Investigation / Transactional","Medium","/locations/west-virginia/domain-monitoring"
"Data Breach Monitoring","West Virginia","Data Breach Monitoring West Virginia","data breach monitoring services in West Virginia; cybersecurity West Virginia; West Virginia data breach monitoring company; enterprise data breach monitoring West Virginia; best data breach monitoring West Virginia","Commercial Investigation / Transactional","Medium","/locations/west-virginia/data-breach-monitoring"
"Brand Monitoring","West Virginia","Brand Monitoring West Virginia","brand monitoring services in West Virginia; cybersecurity West Virginia; West Virginia brand monitoring company; enterprise brand monitoring West Virginia; best brand monitoring West Virginia","Commercial Investigation / Transactional","Medium","/locations/west-virginia/brand-monitoring"
"Executive Monitoring","West Virginia","Executive Monitoring West Virginia","executive monitoring services in West Virginia; cybersecurity West Virginia; West Virginia executive monitoring company; enterprise executive monitoring West Virginia; best executive monitoring West Virginia","Commercial Investigation / Transactional","Medium","/locations/west-virginia/executive-monitoring"
"Threat Intelligence","West Virginia","Threat Intelligence West Virginia","threat intelligence services in West Virginia; cybersecurity West Virginia; West Virginia threat intelligence company; enterprise threat intelligence West Virginia; best threat intelligence West Virginia","Commercial Investigation / Transactional","Medium","/locations/west-virginia/threat-intelligence"
"Digital Risk Protection","West Virginia","Digital Risk Protection West Virginia","digital risk protection services in West Virginia; cybersecurity West Virginia; West Virginia digital risk protection company; enterprise digital risk protection West Virginia; best digital risk protection West Virginia","Commercial Investigation / Transactional","Medium","/locations/west-virginia/digital-risk-protection"
"Attack Surface Monitoring","West Virginia","Attack Surface Monitoring West Virginia","attack surface monitoring services in West Virginia; cybersecurity West Virginia; West Virginia attack surface monitoring company; enterprise attack surface monitoring West Virginia; best attack surface monitoring West Virginia","Commercial Investigation / Transactional","Medium","/locations/west-virginia/attack-surface-monitoring"
"Dark Web Monitoring","Hawaii","Dark Web Monitoring Hawaii","dark web monitoring services in Hawaii; cybersecurity Hawaii; Hawaii dark web monitoring company; enterprise dark web monitoring Hawaii; best dark web monitoring Hawaii","Commercial Investigation / Transactional","Medium","/locations/hawaii/dark-web-monitoring"
"Credential Monitoring","Hawaii","Credential Monitoring Hawaii","credential monitoring services in Hawaii; cybersecurity Hawaii; Hawaii credential monitoring company; enterprise credential monitoring Hawaii; best credential monitoring Hawaii","Commercial Investigation / Transactional","Medium","/locations/hawaii/credential-monitoring"
"Domain Monitoring","Hawaii","Domain Monitoring Hawaii","domain monitoring services in Hawaii; cybersecurity Hawaii; Hawaii domain monitoring company; enterprise domain monitoring Hawaii; best domain monitoring Hawaii","Commercial Investigation / Transactional","Medium","/locations/hawaii/domain-monitoring"
"Data Breach Monitoring","Hawaii","Data Breach Monitoring Hawaii","data breach monitoring services in Hawaii; cybersecurity Hawaii; Hawaii data breach monitoring company; enterprise data breach monitoring Hawaii; best data breach monitoring Hawaii","Commercial Investigation / Transactional","Medium","/locations/hawaii/data-breach-monitoring"
"Brand Monitoring","Hawaii","Brand Monitoring Hawaii","brand monitoring services in Hawaii; cybersecurity Hawaii; Hawaii brand monitoring company; enterprise brand monitoring Hawaii; best brand monitoring Hawaii","Commercial Investigation / Transactional","Medium","/locations/hawaii/brand-monitoring"
"Executive Monitoring","Hawaii","Executive Monitoring Hawaii","executive monitoring services in Hawaii; cybersecurity Hawaii; Hawaii executive monitoring company; enterprise executive monitoring Hawaii; best executive monitoring Hawaii","Commercial Investigation / Transactional","Medium","/locations/hawaii/executive-monitoring"
"Threat Intelligence","Hawaii","Threat Intelligence Hawaii","threat intelligence services in Hawaii; cybersecurity Hawaii; Hawaii threat intelligence company; enterprise threat intelligence Hawaii; best threat intelligence Hawaii","Commercial Investigation / Transactional","Medium","/locations/hawaii/threat-intelligence"
"Digital Risk Protection","Hawaii","Digital Risk Protection Hawaii","digital risk protection services in Hawaii; cybersecurity Hawaii; Hawaii digital risk protection company; enterprise digital risk protection Hawaii; best digital risk protection Hawaii","Commercial Investigation / Transactional","Medium","/locations/hawaii/digital-risk-protection"
"Attack Surface Monitoring","Hawaii","Attack Surface Monitoring Hawaii","attack surface monitoring services in Hawaii; cybersecurity Hawaii; Hawaii attack surface monitoring company; enterprise attack surface monitoring Hawaii; best attack surface monitoring Hawaii","Commercial Investigation / Transactional","Medium","/locations/hawaii/attack-surface-monitoring"
"Dark Web Monitoring","New Hampshire","Dark Web Monitoring New Hampshire","dark web monitoring services in New Hampshire; cybersecurity New Hampshire; New Hampshire dark web monitoring company; enterprise dark web monitoring New Hampshire; best dark web monitoring New Hampshire","Commercial Investigation / Transactional","Medium","/locations/new-hampshire/dark-web-monitoring"
"Credential Monitoring","New Hampshire","Credential Monitoring New Hampshire","credential monitoring services in New Hampshire; cybersecurity New Hampshire; New Hampshire credential monitoring company; enterprise credential monitoring New Hampshire; best credential monitoring New Hampshire","Commercial Investigation / Transactional","Medium","/locations/new-hampshire/credential-monitoring"
"Domain Monitoring","New Hampshire","Domain Monitoring New Hampshire","domain monitoring services in New Hampshire; cybersecurity New Hampshire; New Hampshire domain monitoring company; enterprise domain monitoring New Hampshire; best domain monitoring New Hampshire","Commercial Investigation / Transactional","Medium","/locations/new-hampshire/domain-monitoring"
"Data Breach Monitoring","New Hampshire","Data Breach Monitoring New Hampshire","data breach monitoring services in New Hampshire; cybersecurity New Hampshire; New Hampshire data breach monitoring company; enterprise data breach monitoring New Hampshire; best data breach monitoring New Hampshire","Commercial Investigation / Transactional","Medium","/locations/new-hampshire/data-breach-monitoring"
"Brand Monitoring","New Hampshire","Brand Monitoring New Hampshire","brand monitoring services in New Hampshire; cybersecurity New Hampshire; New Hampshire brand monitoring company; enterprise brand monitoring New Hampshire; best brand monitoring New Hampshire","Commercial Investigation / Transactional","Medium","/locations/new-hampshire/brand-monitoring"
"Executive Monitoring","New Hampshire","Executive Monitoring New Hampshire","executive monitoring services in New Hampshire; cybersecurity New Hampshire; New Hampshire executive monitoring company; enterprise executive monitoring New Hampshire; best executive monitoring New Hampshire","Commercial Investigation / Transactional","Medium","/locations/new-hampshire/executive-monitoring"
"Threat Intelligence","New Hampshire","Threat Intelligence New Hampshire","threat intelligence services in New Hampshire; cybersecurity New Hampshire; New Hampshire threat intelligence company; enterprise threat intelligence New Hampshire; best threat intelligence New Hampshire","Commercial Investigation / Transactional","Medium","/locations/new-hampshire/threat-intelligence"
"Digital Risk Protection","New Hampshire","Digital Risk Protection New Hampshire","digital risk protection services in New Hampshire; cybersecurity New Hampshire; New Hampshire digital risk protection company; enterprise digital risk protection New Hampshire; best digital risk protection New Hampshire","Commercial Investigation / Transactional","Medium","/locations/new-hampshire/digital-risk-protection"
"Attack Surface Monitoring","New Hampshire","Attack Surface Monitoring New Hampshire","attack surface monitoring services in New Hampshire; cybersecurity New Hampshire; New Hampshire attack surface monitoring company; enterprise attack surface monitoring New Hampshire; best attack surface monitoring New Hampshire","Commercial Investigation / Transactional","Medium","/locations/new-hampshire/attack-surface-monitoring"
"Dark Web Monitoring","Maine","Dark Web Monitoring Maine","dark web monitoring services in Maine; cybersecurity Maine; Maine dark web monitoring company; enterprise dark web monitoring Maine; best dark web monitoring Maine","Commercial Investigation / Transactional","Medium","/locations/maine/dark-web-monitoring"
"Credential Monitoring","Maine","Credential Monitoring Maine","credential monitoring services in Maine; cybersecurity Maine; Maine credential monitoring company; enterprise credential monitoring Maine; best credential monitoring Maine","Commercial Investigation / Transactional","Medium","/locations/maine/credential-monitoring"
"Domain Monitoring","Maine","Domain Monitoring Maine","domain monitoring services in Maine; cybersecurity Maine; Maine domain monitoring company; enterprise domain monitoring Maine; best domain monitoring Maine","Commercial Investigation / Transactional","Medium","/locations/maine/domain-monitoring"
"Data Breach Monitoring","Maine","Data Breach Monitoring Maine","data breach monitoring services in Maine; cybersecurity Maine; Maine data breach monitoring company; enterprise data breach monitoring Maine; best data breach monitoring Maine","Commercial Investigation / Transactional","Medium","/locations/maine/data-breach-monitoring"
"Brand Monitoring","Maine","Brand Monitoring Maine","brand monitoring services in Maine; cybersecurity Maine; Maine brand monitoring company; enterprise brand monitoring Maine; best brand monitoring Maine","Commercial Investigation / Transactional","Medium","/locations/maine/brand-monitoring"
"Executive Monitoring","Maine","Executive Monitoring Maine","executive monitoring services in Maine; cybersecurity Maine; Maine executive monitoring company; enterprise executive monitoring Maine; best executive monitoring Maine","Commercial Investigation / Transactional","Medium","/locations/maine/executive-monitoring"
"Threat Intelligence","Maine","Threat Intelligence Maine","threat intelligence services in Maine; cybersecurity Maine; Maine threat intelligence company; enterprise threat intelligence Maine; best threat intelligence Maine","Commercial Investigation / Transactional","Medium","/locations/maine/threat-intelligence"
"Digital Risk Protection","Maine","Digital Risk Protection Maine","digital risk protection services in Maine; cybersecurity Maine; Maine digital risk protection company; enterprise digital risk protection Maine; best digital risk protection Maine","Commercial Investigation / Transactional","Medium","/locations/maine/digital-risk-protection"
"Attack Surface Monitoring","Maine","Attack Surface Monitoring Maine","attack surface monitoring services in Maine; cybersecurity Maine; Maine attack surface monitoring company; enterprise attack surface monitoring Maine; best attack surface monitoring Maine","Commercial Investigation / Transactional","Medium","/locations/maine/attack-surface-monitoring"
"Dark Web Monitoring","Rhode Island","Dark Web Monitoring Rhode Island","dark web monitoring services in Rhode Island; cybersecurity Rhode Island; Rhode Island dark web monitoring company; enterprise dark web monitoring Rhode Island; best dark web monitoring Rhode Island","Commercial Investigation / Transactional","Medium","/locations/rhode-island/dark-web-monitoring"
"Credential Monitoring","Rhode Island","Credential Monitoring Rhode Island","credential monitoring services in Rhode Island; cybersecurity Rhode Island; Rhode Island credential monitoring company; enterprise credential monitoring Rhode Island; best credential monitoring Rhode Island","Commercial Investigation / Transactional","Medium","/locations/rhode-island/credential-monitoring"
"Domain Monitoring","Rhode Island","Domain Monitoring Rhode Island","domain monitoring services in Rhode Island; cybersecurity Rhode Island; Rhode Island domain monitoring company; enterprise domain monitoring Rhode Island; best domain monitoring Rhode Island","Commercial Investigation / Transactional","Medium","/locations/rhode-island/domain-monitoring"
"Data Breach Monitoring","Rhode Island","Data Breach Monitoring Rhode Island","data breach monitoring services in Rhode Island; cybersecurity Rhode Island; Rhode Island data breach monitoring company; enterprise data breach monitoring Rhode Island; best data breach monitoring Rhode Island","Commercial Investigation / Transactional","Medium","/locations/rhode-island/data-breach-monitoring"
"Brand Monitoring","Rhode Island","Brand Monitoring Rhode Island","brand monitoring services in Rhode Island; cybersecurity Rhode Island; Rhode Island brand monitoring company; enterprise brand monitoring Rhode Island; best brand monitoring Rhode Island","Commercial Investigation / Transactional","Medium","/locations/rhode-island/brand-monitoring"
"Executive Monitoring","Rhode Island","Executive Monitoring Rhode Island","executive monitoring services in Rhode Island; cybersecurity Rhode Island; Rhode Island executive monitoring company; enterprise executive monitoring Rhode Island; best executive monitoring Rhode Island","Commercial Investigation / Transactional","Medium","/locations/rhode-island/executive-monitoring"
"Threat Intelligence","Rhode Island","Threat Intelligence Rhode Island","threat intelligence services in Rhode Island; cybersecurity Rhode Island; Rhode Island threat intelligence company; enterprise threat intelligence Rhode Island; best threat intelligence Rhode Island","Commercial Investigation / Transactional","Medium","/locations/rhode-island/threat-intelligence"
"Digital Risk Protection","Rhode Island","Digital Risk Protection Rhode Island","digital risk protection services in Rhode Island; cybersecurity Rhode Island; Rhode Island digital risk protection company; enterprise digital risk protection Rhode Island; best digital risk protection Rhode Island","Commercial Investigation / Transactional","Medium","/locations/rhode-island/digital-risk-protection"
"Attack Surface Monitoring","Rhode Island","Attack Surface Monitoring Rhode Island","attack surface monitoring services in Rhode Island; cybersecurity Rhode Island; Rhode Island attack surface monitoring company; enterprise attack surface monitoring Rhode Island; best attack surface monitoring Rhode Island","Commercial Investigation / Transactional","Medium","/locations/rhode-island/attack-surface-monitoring"
"Dark Web Monitoring","Montana","Dark Web Monitoring Montana","dark web monitoring services in Montana; cybersecurity Montana; Montana dark web monitoring company; enterprise dark web monitoring Montana; best dark web monitoring Montana","Commercial Investigation / Transactional","Medium","/locations/montana/dark-web-monitoring"
"Credential Monitoring","Montana","Credential Monitoring Montana","credential monitoring services in Montana; cybersecurity Montana; Montana credential monitoring company; enterprise credential monitoring Montana; best credential monitoring Montana","Commercial Investigation / Transactional","Medium","/locations/montana/credential-monitoring"
"Domain Monitoring","Montana","Domain Monitoring Montana","domain monitoring services in Montana; cybersecurity Montana; Montana domain monitoring company; enterprise domain monitoring Montana; best domain monitoring Montana","Commercial Investigation / Transactional","Medium","/locations/montana/domain-monitoring"
"Data Breach Monitoring","Montana","Data Breach Monitoring Montana","data breach monitoring services in Montana; cybersecurity Montana; Montana data breach monitoring company; enterprise data breach monitoring Montana; best data breach monitoring Montana","Commercial Investigation / Transactional","Medium","/locations/montana/data-breach-monitoring"
"Brand Monitoring","Montana","Brand Monitoring Montana","brand monitoring services in Montana; cybersecurity Montana; Montana brand monitoring company; enterprise brand monitoring Montana; best brand monitoring Montana","Commercial Investigation / Transactional","Medium","/locations/montana/brand-monitoring"
"Executive Monitoring","Montana","Executive Monitoring Montana","executive monitoring services in Montana; cybersecurity Montana; Montana executive monitoring company; enterprise executive monitoring Montana; best executive monitoring Montana","Commercial Investigation / Transactional","Medium","/locations/montana/executive-monitoring"
"Threat Intelligence","Montana","Threat Intelligence Montana","threat intelligence services in Montana; cybersecurity Montana; Montana threat intelligence company; enterprise threat intelligence Montana; best threat intelligence Montana","Commercial Investigation / Transactional","Medium","/locations/montana/threat-intelligence"
"Digital Risk Protection","Montana","Digital Risk Protection Montana","digital risk protection services in Montana; cybersecurity Montana; Montana digital risk protection company; enterprise digital risk protection Montana; best digital risk protection Montana","Commercial Investigation / Transactional","Medium","/locations/montana/digital-risk-protection"
"Attack Surface Monitoring","Montana","Attack Surface Monitoring Montana","attack surface monitoring services in Montana; cybersecurity Montana; Montana attack surface monitoring company; enterprise attack surface monitoring Montana; best attack surface monitoring Montana","Commercial Investigation / Transactional","Medium","/locations/montana/attack-surface-monitoring"
"Dark Web Monitoring","Delaware","Dark Web Monitoring Delaware","dark web monitoring services in Delaware; cybersecurity Delaware; Delaware dark web monitoring company; enterprise dark web monitoring Delaware; best dark web monitoring Delaware","Commercial Investigation / Transactional","Medium","/locations/delaware/dark-web-monitoring"
"Credential Monitoring","Delaware","Credential Monitoring Delaware","credential monitoring services in Delaware; cybersecurity Delaware; Delaware credential monitoring company; enterprise credential monitoring Delaware; best credential monitoring Delaware","Commercial Investigation / Transactional","Medium","/locations/delaware/credential-monitoring"
"Domain Monitoring","Delaware","Domain Monitoring Delaware","domain monitoring services in Delaware; cybersecurity Delaware; Delaware domain monitoring company; enterprise domain monitoring Delaware; best domain monitoring Delaware","Commercial Investigation / Transactional","Medium","/locations/delaware/domain-monitoring"
"Data Breach Monitoring","Delaware","Data Breach Monitoring Delaware","data breach monitoring services in Delaware; cybersecurity Delaware; Delaware data breach monitoring company; enterprise data breach monitoring Delaware; best data breach monitoring Delaware","Commercial Investigation / Transactional","Medium","/locations/delaware/data-breach-monitoring"
"Brand Monitoring","Delaware","Brand Monitoring Delaware","brand monitoring services in Delaware; cybersecurity Delaware; Delaware brand monitoring company; enterprise brand monitoring Delaware; best brand monitoring Delaware","Commercial Investigation / Transactional","Medium","/locations/delaware/brand-monitoring"
"Executive Monitoring","Delaware","Executive Monitoring Delaware","executive monitoring services in Delaware; cybersecurity Delaware; Delaware executive monitoring company; enterprise executive monitoring Delaware; best executive monitoring Delaware","Commercial Investigation / Transactional","Medium","/locations/delaware/executive-monitoring"
"Threat Intelligence","Delaware","Threat Intelligence Delaware","threat intelligence services in Delaware; cybersecurity Delaware; Delaware threat intelligence company; enterprise threat intelligence Delaware; best threat intelligence Delaware","Commercial Investigation / Transactional","Medium","/locations/delaware/threat-intelligence"
"Digital Risk Protection","Delaware","Digital Risk Protection Delaware","digital risk protection services in Delaware; cybersecurity Delaware; Delaware digital risk protection company; enterprise digital risk protection Delaware; best digital risk protection Delaware","Commercial Investigation / Transactional","Medium","/locations/delaware/digital-risk-protection"
"Attack Surface Monitoring","Delaware","Attack Surface Monitoring Delaware","attack surface monitoring services in Delaware; cybersecurity Delaware; Delaware attack surface monitoring company; enterprise attack surface monitoring Delaware; best attack surface monitoring Delaware","Commercial Investigation / Transactional","Medium","/locations/delaware/attack-surface-monitoring"
"Dark Web Monitoring","South Dakota","Dark Web Monitoring South Dakota","dark web monitoring services in South Dakota; cybersecurity South Dakota; South Dakota dark web monitoring company; enterprise dark web monitoring South Dakota; best dark web monitoring South Dakota","Commercial Investigation / Transactional","Medium","/locations/south-dakota/dark-web-monitoring"
"Credential Monitoring","South Dakota","Credential Monitoring South Dakota","credential monitoring services in South Dakota; cybersecurity South Dakota; South Dakota credential monitoring company; enterprise credential monitoring South Dakota; best credential monitoring South Dakota","Commercial Investigation / Transactional","Medium","/locations/south-dakota/credential-monitoring"
"Domain Monitoring","South Dakota","Domain Monitoring South Dakota","domain monitoring services in South Dakota; cybersecurity South Dakota; South Dakota domain monitoring company; enterprise domain monitoring South Dakota; best domain monitoring South Dakota","Commercial Investigation / Transactional","Medium","/locations/south-dakota/domain-monitoring"
"Data Breach Monitoring","South Dakota","Data Breach Monitoring South Dakota","data breach monitoring services in South Dakota; cybersecurity South Dakota; South Dakota data breach monitoring company; enterprise data breach monitoring South Dakota; best data breach monitoring South Dakota","Commercial Investigation / Transactional","Medium","/locations/south-dakota/data-breach-monitoring"
"Brand Monitoring","South Dakota","Brand Monitoring South Dakota","brand monitoring services in South Dakota; cybersecurity South Dakota; South Dakota brand monitoring company; enterprise brand monitoring South Dakota; best brand monitoring South Dakota","Commercial Investigation / Transactional","Medium","/locations/south-dakota/brand-monitoring"
"Executive Monitoring","South Dakota","Executive Monitoring South Dakota","executive monitoring services in South Dakota; cybersecurity South Dakota; South Dakota executive monitoring company; enterprise executive monitoring South Dakota; best executive monitoring South Dakota","Commercial Investigation / Transactional","Medium","/locations/south-dakota/executive-monitoring"
"Threat Intelligence","South Dakota","Threat Intelligence South Dakota","threat intelligence services in South Dakota; cybersecurity South Dakota; South Dakota threat intelligence company; enterprise threat intelligence South Dakota; best threat intelligence South Dakota","Commercial Investigation / Transactional","Medium","/locations/south-dakota/threat-intelligence"
"Digital Risk Protection","South Dakota","Digital Risk Protection South Dakota","digital risk protection services in South Dakota; cybersecurity South Dakota; South Dakota digital risk protection company; enterprise digital risk protection South Dakota; best digital risk protection South Dakota","Commercial Investigation / Transactional","Medium","/locations/south-dakota/digital-risk-protection"
"Attack Surface Monitoring","South Dakota","Attack Surface Monitoring South Dakota","attack surface monitoring services in South Dakota; cybersecurity South Dakota; South Dakota attack surface monitoring company; enterprise attack surface monitoring South Dakota; best attack surface monitoring South Dakota","Commercial Investigation / Transactional","Medium","/locations/south-dakota/attack-surface-monitoring"
"Dark Web Monitoring","North Dakota","Dark Web Monitoring North Dakota","dark web monitoring services in North Dakota; cybersecurity North Dakota; North Dakota dark web monitoring company; enterprise dark web monitoring North Dakota; best dark web monitoring North Dakota","Commercial Investigation / Transactional","Medium","/locations/north-dakota/dark-web-monitoring"
"Credential Monitoring","North Dakota","Credential Monitoring North Dakota","credential monitoring services in North Dakota; cybersecurity North Dakota; North Dakota credential monitoring company; enterprise credential monitoring North Dakota; best credential monitoring North Dakota","Commercial Investigation / Transactional","Medium","/locations/north-dakota/credential-monitoring"
"Domain Monitoring","North Dakota","Domain Monitoring North Dakota","domain monitoring services in North Dakota; cybersecurity North Dakota; North Dakota domain monitoring company; enterprise domain monitoring North Dakota; best domain monitoring North Dakota","Commercial Investigation / Transactional","Medium","/locations/north-dakota/domain-monitoring"
"Data Breach Monitoring","North Dakota","Data Breach Monitoring North Dakota","data breach monitoring services in North Dakota; cybersecurity North Dakota; North Dakota data breach monitoring company; enterprise data breach monitoring North Dakota; best data breach monitoring North Dakota","Commercial Investigation / Transactional","Medium","/locations/north-dakota/data-breach-monitoring"
"Brand Monitoring","North Dakota","Brand Monitoring North Dakota","brand monitoring services in North Dakota; cybersecurity North Dakota; North Dakota brand monitoring company; enterprise brand monitoring North Dakota; best brand monitoring North Dakota","Commercial Investigation / Transactional","Medium","/locations/north-dakota/brand-monitoring"
"Executive Monitoring","North Dakota","Executive Monitoring North Dakota","executive monitoring services in North Dakota; cybersecurity North Dakota; North Dakota executive monitoring company; enterprise executive monitoring North Dakota; best executive monitoring North Dakota","Commercial Investigation / Transactional","Medium","/locations/north-dakota/executive-monitoring"
"Threat Intelligence","North Dakota","Threat Intelligence North Dakota","threat intelligence services in North Dakota; cybersecurity North Dakota; North Dakota threat intelligence company; enterprise threat intelligence North Dakota; best threat intelligence North Dakota","Commercial Investigation / Transactional","Medium","/locations/north-dakota/threat-intelligence"
"Digital Risk Protection","North Dakota","Digital Risk Protection North Dakota","digital risk protection services in North Dakota; cybersecurity North Dakota; North Dakota digital risk protection company; enterprise digital risk protection North Dakota; best digital risk protection North Dakota","Commercial Investigation / Transactional","Medium","/locations/north-dakota/digital-risk-protection"
"Attack Surface Monitoring","North Dakota","Attack Surface Monitoring North Dakota","attack surface monitoring services in North Dakota; cybersecurity North Dakota; North Dakota attack surface monitoring company; enterprise attack surface monitoring North Dakota; best attack surface monitoring North Dakota","Commercial Investigation / Transactional","Medium","/locations/north-dakota/attack-surface-monitoring"
"Dark Web Monitoring","Alaska","Dark Web Monitoring Alaska","dark web monitoring services in Alaska; cybersecurity Alaska; Alaska dark web monitoring company; enterprise dark web monitoring Alaska; best dark web monitoring Alaska","Commercial Investigation / Transactional","Medium","/locations/alaska/dark-web-monitoring"
"Credential Monitoring","Alaska","Credential Monitoring Alaska","credential monitoring services in Alaska; cybersecurity Alaska; Alaska credential monitoring company; enterprise credential monitoring Alaska; best credential monitoring Alaska","Commercial Investigation / Transactional","Medium","/locations/alaska/credential-monitoring"
"Domain Monitoring","Alaska","Domain Monitoring Alaska","domain monitoring services in Alaska; cybersecurity Alaska; Alaska domain monitoring company; enterprise domain monitoring Alaska; best domain monitoring Alaska","Commercial Investigation / Transactional","Medium","/locations/alaska/domain-monitoring"
"Data Breach Monitoring","Alaska","Data Breach Monitoring Alaska","data breach monitoring services in Alaska; cybersecurity Alaska; Alaska data breach monitoring company; enterprise data breach monitoring Alaska; best data breach monitoring Alaska","Commercial Investigation / Transactional","Medium","/locations/alaska/data-breach-monitoring"
"Brand Monitoring","Alaska","Brand Monitoring Alaska","brand monitoring services in Alaska; cybersecurity Alaska; Alaska brand monitoring company; enterprise brand monitoring Alaska; best brand monitoring Alaska","Commercial Investigation / Transactional","Medium","/locations/alaska/brand-monitoring"
"Executive Monitoring","Alaska","Executive Monitoring Alaska","executive monitoring services in Alaska; cybersecurity Alaska; Alaska executive monitoring company; enterprise executive monitoring Alaska; best executive monitoring Alaska","Commercial Investigation / Transactional","Medium","/locations/alaska/executive-monitoring"
"Threat Intelligence","Alaska","Threat Intelligence Alaska","threat intelligence services in Alaska; cybersecurity Alaska; Alaska threat intelligence company; enterprise threat intelligence Alaska; best threat intelligence Alaska","Commercial Investigation / Transactional","Medium","/locations/alaska/threat-intelligence"
"Digital Risk Protection","Alaska","Digital Risk Protection Alaska","digital risk protection services in Alaska; cybersecurity Alaska; Alaska digital risk protection company; enterprise digital risk protection Alaska; best digital risk protection Alaska","Commercial Investigation / Transactional","Medium","/locations/alaska/digital-risk-protection"
"Attack Surface Monitoring","Alaska","Attack Surface Monitoring Alaska","attack surface monitoring services in Alaska; cybersecurity Alaska; Alaska attack surface monitoring company; enterprise attack surface monitoring Alaska; best attack surface monitoring Alaska","Commercial Investigation / Transactional","Medium","/locations/alaska/attack-surface-monitoring"
"Dark Web Monitoring","District of Columbia","Dark Web Monitoring District of Columbia","dark web monitoring services in District of Columbia; cybersecurity District of Columbia; District of Columbia dark web monitoring company; enterprise dark web monitoring District of Columbia; best dark web monitoring District of Columbia","Commercial Investigation / Transactional","Medium","/locations/district-of-columbia/dark-web-monitoring"
"Credential Monitoring","District of Columbia","Credential Monitoring District of Columbia","credential monitoring services in District of Columbia; cybersecurity District of Columbia; District of Columbia credential monitoring company; enterprise credential monitoring District of Columbia; best credential monitoring District of Columbia","Commercial Investigation / Transactional","Medium","/locations/district-of-columbia/credential-monitoring"
"Domain Monitoring","District of Columbia","Domain Monitoring District of Columbia","domain monitoring services in District of Columbia; cybersecurity District of Columbia; District of Columbia domain monitoring company; enterprise domain monitoring District of Columbia; best domain monitoring District of Columbia","Commercial Investigation / Transactional","Medium","/locations/district-of-columbia/domain-monitoring"
"Data Breach Monitoring","District of Columbia","Data Breach Monitoring District of Columbia","data breach monitoring services in District of Columbia; cybersecurity District of Columbia; District of Columbia data breach monitoring company; enterprise data breach monitoring District of Columbia; best data breach monitoring District of Columbia","Commercial Investigation / Transactional","Medium","/locations/district-of-columbia/data-breach-monitoring"
"Brand Monitoring","District of Columbia","Brand Monitoring District of Columbia","brand monitoring services in District of Columbia; cybersecurity District of Columbia; District of Columbia brand monitoring company; enterprise brand monitoring District of Columbia; best brand monitoring District of Columbia","Commercial Investigation / Transactional","Medium","/locations/district-of-columbia/brand-monitoring"
"Executive Monitoring","District of Columbia","Executive Monitoring District of Columbia","executive monitoring services in District of Columbia; cybersecurity District of Columbia; District of Columbia executive monitoring company; enterprise executive monitoring District of Columbia; best executive monitoring District of Columbia","Commercial Investigation / Transactional","Medium","/locations/district-of-columbia/executive-monitoring"
"Threat Intelligence","District of Columbia","Threat Intelligence District of Columbia","threat intelligence services in District of Columbia; cybersecurity District of Columbia; District of Columbia threat intelligence company; enterprise threat intelligence District of Columbia; best threat intelligence District of Columbia","Commercial Investigation / Transactional","Medium","/locations/district-of-columbia/threat-intelligence"
"Digital Risk Protection","District of Columbia","Digital Risk Protection District of Columbia","digital risk protection services in District of Columbia; cybersecurity District of Columbia; District of Columbia digital risk protection company; enterprise digital risk protection District of Columbia; best digital risk protection District of Columbia","Commercial Investigation / Transactional","Medium","/locations/district-of-columbia/digital-risk-protection"
"Attack Surface Monitoring","District of Columbia","Attack Surface Monitoring District of Columbia","attack surface monitoring services in District of Columbia; cybersecurity District of Columbia; District of Columbia attack surface monitoring company; enterprise attack surface monitoring District of Columbia; best attack surface monitoring District of Columbia","Commercial Investigation / Transactional","Medium","/locations/district-of-columbia/attack-surface-monitoring"
"Dark Web Monitoring","Vermont","Dark Web Monitoring Vermont","dark web monitoring services in Vermont; cybersecurity Vermont; Vermont dark web monitoring company; enterprise dark web monitoring Vermont; best dark web monitoring Vermont","Commercial Investigation / Transactional","Medium","/locations/vermont/dark-web-monitoring"
"Credential Monitoring","Vermont","Credential Monitoring Vermont","credential monitoring services in Vermont; cybersecurity Vermont; Vermont credential monitoring company; enterprise credential monitoring Vermont; best credential monitoring Vermont","Commercial Investigation / Transactional","Medium","/locations/vermont/credential-monitoring"
"Domain Monitoring","Vermont","Domain Monitoring Vermont","domain monitoring services in Vermont; cybersecurity Vermont; Vermont domain monitoring company; enterprise domain monitoring Vermont; best domain monitoring Vermont","Commercial Investigation / Transactional","Medium","/locations/vermont/domain-monitoring"
"Data Breach Monitoring","Vermont","Data Breach Monitoring Vermont","data breach monitoring services in Vermont; cybersecurity Vermont; Vermont data breach monitoring company; enterprise data breach monitoring Vermont; best data breach monitoring Vermont","Commercial Investigation / Transactional","Medium","/locations/vermont/data-breach-monitoring"
"Brand Monitoring","Vermont","Brand Monitoring Vermont","brand monitoring services in Vermont; cybersecurity Vermont; Vermont brand monitoring company; enterprise brand monitoring Vermont; best brand monitoring Vermont","Commercial Investigation / Transactional","Medium","/locations/vermont/brand-monitoring"
"Executive Monitoring","Vermont","Executive Monitoring Vermont","executive monitoring services in Vermont; cybersecurity Vermont; Vermont executive monitoring company; enterprise executive monitoring Vermont; best executive monitoring Vermont","Commercial Investigation / Transactional","Medium","/locations/vermont/executive-monitoring"
"Threat Intelligence","Vermont","Threat Intelligence Vermont","threat intelligence services in Vermont; cybersecurity Vermont; Vermont threat intelligence company; enterprise threat intelligence Vermont; best threat intelligence Vermont","Commercial Investigation / Transactional","Medium","/locations/vermont/threat-intelligence"
"Digital Risk Protection","Vermont","Digital Risk Protection Vermont","digital risk protection services in Vermont; cybersecurity Vermont; Vermont digital risk protection company; enterprise digital risk protection Vermont; best digital risk protection Vermont","Commercial Investigation / Transactional","Medium","/locations/vermont/digital-risk-protection"
"Attack Surface Monitoring","Vermont","Attack Surface Monitoring Vermont","attack surface monitoring services in Vermont; cybersecurity Vermont; Vermont attack surface monitoring company; enterprise attack surface monitoring Vermont; best attack surface monitoring Vermont","Commercial Investigation / Transactional","Medium","/locations/vermont/attack-surface-monitoring"
"Dark Web Monitoring","Wyoming","Dark Web Monitoring Wyoming","dark web monitoring services in Wyoming; cybersecurity Wyoming; Wyoming dark web monitoring company; enterprise dark web monitoring Wyoming; best dark web monitoring Wyoming","Commercial Investigation / Transactional","Medium","/locations/wyoming/dark-web-monitoring"
"Credential Monitoring","Wyoming","Credential Monitoring Wyoming","credential monitoring services in Wyoming; cybersecurity Wyoming; Wyoming credential monitoring company; enterprise credential monitoring Wyoming; best credential monitoring Wyoming","Commercial Investigation / Transactional","Medium","/locations/wyoming/credential-monitoring"
"Domain Monitoring","Wyoming","Domain Monitoring Wyoming","domain monitoring services in Wyoming; cybersecurity Wyoming; Wyoming domain monitoring company; enterprise domain monitoring Wyoming; best domain monitoring Wyoming","Commercial Investigation / Transactional","Medium","/locations/wyoming/domain-monitoring"
"Data Breach Monitoring","Wyoming","Data Breach Monitoring Wyoming","data breach monitoring services in Wyoming; cybersecurity Wyoming; Wyoming data breach monitoring company; enterprise data breach monitoring Wyoming; best data breach monitoring Wyoming","Commercial Investigation / Transactional","Medium","/locations/wyoming/data-breach-monitoring"
"Brand Monitoring","Wyoming","Brand Monitoring Wyoming","brand monitoring services in Wyoming; cybersecurity Wyoming; Wyoming brand monitoring company; enterprise brand monitoring Wyoming; best brand monitoring Wyoming","Commercial Investigation / Transactional","Medium","/locations/wyoming/brand-monitoring"
"Executive Monitoring","Wyoming","Executive Monitoring Wyoming","executive monitoring services in Wyoming; cybersecurity Wyoming; Wyoming executive monitoring company; enterprise executive monitoring Wyoming; best executive monitoring Wyoming","Commercial Investigation / Transactional","Medium","/locations/wyoming/executive-monitoring"
"Threat Intelligence","Wyoming","Threat Intelligence Wyoming","threat intelligence services in Wyoming; cybersecurity Wyoming; Wyoming threat intelligence company; enterprise threat intelligence Wyoming; best threat intelligence Wyoming","Commercial Investigation / Transactional","Medium","/locations/wyoming/threat-intelligence"
"Digital Risk Protection","Wyoming","Digital Risk Protection Wyoming","digital risk protection services in Wyoming; cybersecurity Wyoming; Wyoming digital risk protection company; enterprise digital risk protection Wyoming; best digital risk protection Wyoming","Commercial Investigation / Transactional","Medium","/locations/wyoming/digital-risk-protection"
"Attack Surface Monitoring","Wyoming","Attack Surface Monitoring Wyoming","attack surface monitoring services in Wyoming; cybersecurity Wyoming; Wyoming attack surface monitoring company; enterprise attack surface monitoring Wyoming; best attack surface monitoring Wyoming","Commercial Investigation / Transactional","Medium","/locations/wyoming/attack-surface-monitoring"
"Dark Web Monitoring","New York City","Dark Web Monitoring New York City","dark web monitoring services in New York City; cybersecurity New York City; New York City dark web monitoring company; enterprise dark web monitoring New York City; best dark web monitoring New York City","Commercial Investigation / Transactional","High","/locations/new-york-city/dark-web-monitoring"
"Credential Monitoring","New York City","Credential Monitoring New York City","credential monitoring services in New York City; cybersecurity New York City; New York City credential monitoring company; enterprise credential monitoring New York City; best credential monitoring New York City","Commercial Investigation / Transactional","High","/locations/new-york-city/credential-monitoring"
"Domain Monitoring","New York City","Domain Monitoring New York City","domain monitoring services in New York City; cybersecurity New York City; New York City domain monitoring company; enterprise domain monitoring New York City; best domain monitoring New York City","Commercial Investigation / Transactional","High","/locations/new-york-city/domain-monitoring"
"Data Breach Monitoring","New York City","Data Breach Monitoring New York City","data breach monitoring services in New York City; cybersecurity New York City; New York City data breach monitoring company; enterprise data breach monitoring New York City; best data breach monitoring New York City","Commercial Investigation / Transactional","High","/locations/new-york-city/data-breach-monitoring"
"Brand Monitoring","New York City","Brand Monitoring New York City","brand monitoring services in New York City; cybersecurity New York City; New York City brand monitoring company; enterprise brand monitoring New York City; best brand monitoring New York City","Commercial Investigation / Transactional","High","/locations/new-york-city/brand-monitoring"
"Executive Monitoring","New York City","Executive Monitoring New York City","executive monitoring services in New York City; cybersecurity New York City; New York City executive monitoring company; enterprise executive monitoring New York City; best executive monitoring New York City","Commercial Investigation / Transactional","High","/locations/new-york-city/executive-monitoring"
"Threat Intelligence","New York City","Threat Intelligence New York City","threat intelligence services in New York City; cybersecurity New York City; New York City threat intelligence company; enterprise threat intelligence New York City; best threat intelligence New York City","Commercial Investigation / Transactional","High","/locations/new-york-city/threat-intelligence"
"Digital Risk Protection","New York City","Digital Risk Protection New York City","digital risk protection services in New York City; cybersecurity New York City; New York City digital risk protection company; enterprise digital risk protection New York City; best digital risk protection New York City","Commercial Investigation / Transactional","High","/locations/new-york-city/digital-risk-protection"
"Attack Surface Monitoring","New York City","Attack Surface Monitoring New York City","attack surface monitoring services in New York City; cybersecurity New York City; New York City attack surface monitoring company; enterprise attack surface monitoring New York City; best attack surface monitoring New York City","Commercial Investigation / Transactional","High","/locations/new-york-city/attack-surface-monitoring"
"Dark Web Monitoring","Los Angeles","Dark Web Monitoring Los Angeles","dark web monitoring services in Los Angeles; cybersecurity Los Angeles; Los Angeles dark web monitoring company; enterprise dark web monitoring Los Angeles; best dark web monitoring Los Angeles","Commercial Investigation / Transactional","High","/locations/los-angeles/dark-web-monitoring"
"Credential Monitoring","Los Angeles","Credential Monitoring Los Angeles","credential monitoring services in Los Angeles; cybersecurity Los Angeles; Los Angeles credential monitoring company; enterprise credential monitoring Los Angeles; best credential monitoring Los Angeles","Commercial Investigation / Transactional","High","/locations/los-angeles/credential-monitoring"
"Domain Monitoring","Los Angeles","Domain Monitoring Los Angeles","domain monitoring services in Los Angeles; cybersecurity Los Angeles; Los Angeles domain monitoring company; enterprise domain monitoring Los Angeles; best domain monitoring Los Angeles","Commercial Investigation / Transactional","High","/locations/los-angeles/domain-monitoring"
"Data Breach Monitoring","Los Angeles","Data Breach Monitoring Los Angeles","data breach monitoring services in Los Angeles; cybersecurity Los Angeles; Los Angeles data breach monitoring company; enterprise data breach monitoring Los Angeles; best data breach monitoring Los Angeles","Commercial Investigation / Transactional","High","/locations/los-angeles/data-breach-monitoring"
"Brand Monitoring","Los Angeles","Brand Monitoring Los Angeles","brand monitoring services in Los Angeles; cybersecurity Los Angeles; Los Angeles brand monitoring company; enterprise brand monitoring Los Angeles; best brand monitoring Los Angeles","Commercial Investigation / Transactional","High","/locations/los-angeles/brand-monitoring"
"Executive Monitoring","Los Angeles","Executive Monitoring Los Angeles","executive monitoring services in Los Angeles; cybersecurity Los Angeles; Los Angeles executive monitoring company; enterprise executive monitoring Los Angeles; best executive monitoring Los Angeles","Commercial Investigation / Transactional","High","/locations/los-angeles/executive-monitoring"
"Threat Intelligence","Los Angeles","Threat Intelligence Los Angeles","threat intelligence services in Los Angeles; cybersecurity Los Angeles; Los Angeles threat intelligence company; enterprise threat intelligence Los Angeles; best threat intelligence Los Angeles","Commercial Investigation / Transactional","High","/locations/los-angeles/threat-intelligence"
"Digital Risk Protection","Los Angeles","Digital Risk Protection Los Angeles","digital risk protection services in Los Angeles; cybersecurity Los Angeles; Los Angeles digital risk protection company; enterprise digital risk protection Los Angeles; best digital risk protection Los Angeles","Commercial Investigation / Transactional","High","/locations/los-angeles/digital-risk-protection"
"Attack Surface Monitoring","Los Angeles","Attack Surface Monitoring Los Angeles","attack surface monitoring services in Los Angeles; cybersecurity Los Angeles; Los Angeles attack surface monitoring company; enterprise attack surface monitoring Los Angeles; best attack surface monitoring Los Angeles","Commercial Investigation / Transactional","High","/locations/los-angeles/attack-surface-monitoring"
"Dark Web Monitoring","Chicago","Dark Web Monitoring Chicago","dark web monitoring services in Chicago; cybersecurity Chicago; Chicago dark web monitoring company; enterprise dark web monitoring Chicago; best dark web monitoring Chicago","Commercial Investigation / Transactional","High","/locations/chicago/dark-web-monitoring"
"Credential Monitoring","Chicago","Credential Monitoring Chicago","credential monitoring services in Chicago; cybersecurity Chicago; Chicago credential monitoring company; enterprise credential monitoring Chicago; best credential monitoring Chicago","Commercial Investigation / Transactional","High","/locations/chicago/credential-monitoring"
"Domain Monitoring","Chicago","Domain Monitoring Chicago","domain monitoring services in Chicago; cybersecurity Chicago; Chicago domain monitoring company; enterprise domain monitoring Chicago; best domain monitoring Chicago","Commercial Investigation / Transactional","High","/locations/chicago/domain-monitoring"
"Data Breach Monitoring","Chicago","Data Breach Monitoring Chicago","data breach monitoring services in Chicago; cybersecurity Chicago; Chicago data breach monitoring company; enterprise data breach monitoring Chicago; best data breach monitoring Chicago","Commercial Investigation / Transactional","High","/locations/chicago/data-breach-monitoring"
"Brand Monitoring","Chicago","Brand Monitoring Chicago","brand monitoring services in Chicago; cybersecurity Chicago; Chicago brand monitoring company; enterprise brand monitoring Chicago; best brand monitoring Chicago","Commercial Investigation / Transactional","High","/locations/chicago/brand-monitoring"
"Executive Monitoring","Chicago","Executive Monitoring Chicago","executive monitoring services in Chicago; cybersecurity Chicago; Chicago executive monitoring company; enterprise executive monitoring Chicago; best executive monitoring Chicago","Commercial Investigation / Transactional","High","/locations/chicago/executive-monitoring"
"Threat Intelligence","Chicago","Threat Intelligence Chicago","threat intelligence services in Chicago; cybersecurity Chicago; Chicago threat intelligence company; enterprise threat intelligence Chicago; best threat intelligence Chicago","Commercial Investigation / Transactional","High","/locations/chicago/threat-intelligence"
"Digital Risk Protection","Chicago","Digital Risk Protection Chicago","digital risk protection services in Chicago; cybersecurity Chicago; Chicago digital risk protection company; enterprise digital risk protection Chicago; best digital risk protection Chicago","Commercial Investigation / Transactional","High","/locations/chicago/digital-risk-protection"
"Attack Surface Monitoring","Chicago","Attack Surface Monitoring Chicago","attack surface monitoring services in Chicago; cybersecurity Chicago; Chicago attack surface monitoring company; enterprise attack surface monitoring Chicago; best attack surface monitoring Chicago","Commercial Investigation / Transactional","High","/locations/chicago/attack-surface-monitoring"
"Dark Web Monitoring","Houston","Dark Web Monitoring Houston","dark web monitoring services in Houston; cybersecurity Houston; Houston dark web monitoring company; enterprise dark web monitoring Houston; best dark web monitoring Houston","Commercial Investigation / Transactional","Medium","/locations/houston/dark-web-monitoring"
"Credential Monitoring","Houston","Credential Monitoring Houston","credential monitoring services in Houston; cybersecurity Houston; Houston credential monitoring company; enterprise credential monitoring Houston; best credential monitoring Houston","Commercial Investigation / Transactional","Medium","/locations/houston/credential-monitoring"
"Domain Monitoring","Houston","Domain Monitoring Houston","domain monitoring services in Houston; cybersecurity Houston; Houston domain monitoring company; enterprise domain monitoring Houston; best domain monitoring Houston","Commercial Investigation / Transactional","Medium","/locations/houston/domain-monitoring"
"Data Breach Monitoring","Houston","Data Breach Monitoring Houston","data breach monitoring services in Houston; cybersecurity Houston; Houston data breach monitoring company; enterprise data breach monitoring Houston; best data breach monitoring Houston","Commercial Investigation / Transactional","Medium","/locations/houston/data-breach-monitoring"
"Brand Monitoring","Houston","Brand Monitoring Houston","brand monitoring services in Houston; cybersecurity Houston; Houston brand monitoring company; enterprise brand monitoring Houston; best brand monitoring Houston","Commercial Investigation / Transactional","Medium","/locations/houston/brand-monitoring"
"Executive Monitoring","Houston","Executive Monitoring Houston","executive monitoring services in Houston; cybersecurity Houston; Houston executive monitoring company; enterprise executive monitoring Houston; best executive monitoring Houston","Commercial Investigation / Transactional","Medium","/locations/houston/executive-monitoring"
"Threat Intelligence","Houston","Threat Intelligence Houston","threat intelligence services in Houston; cybersecurity Houston; Houston threat intelligence company; enterprise threat intelligence Houston; best threat intelligence Houston","Commercial Investigation / Transactional","Medium","/locations/houston/threat-intelligence"
"Digital Risk Protection","Houston","Digital Risk Protection Houston","digital risk protection services in Houston; cybersecurity Houston; Houston digital risk protection company; enterprise digital risk protection Houston; best digital risk protection Houston","Commercial Investigation / Transactional","Medium","/locations/houston/digital-risk-protection"
"Attack Surface Monitoring","Houston","Attack Surface Monitoring Houston","attack surface monitoring services in Houston; cybersecurity Houston; Houston attack surface monitoring company; enterprise attack surface monitoring Houston; best attack surface monitoring Houston","Commercial Investigation / Transactional","Medium","/locations/houston/attack-surface-monitoring"
"Dark Web Monitoring","Phoenix","Dark Web Monitoring Phoenix","dark web monitoring services in Phoenix; cybersecurity Phoenix; Phoenix dark web monitoring company; enterprise dark web monitoring Phoenix; best dark web monitoring Phoenix","Commercial Investigation / Transactional","Medium","/locations/phoenix/dark-web-monitoring"
"Credential Monitoring","Phoenix","Credential Monitoring Phoenix","credential monitoring services in Phoenix; cybersecurity Phoenix; Phoenix credential monitoring company; enterprise credential monitoring Phoenix; best credential monitoring Phoenix","Commercial Investigation / Transactional","Medium","/locations/phoenix/credential-monitoring"
"Domain Monitoring","Phoenix","Domain Monitoring Phoenix","domain monitoring services in Phoenix; cybersecurity Phoenix; Phoenix domain monitoring company; enterprise domain monitoring Phoenix; best domain monitoring Phoenix","Commercial Investigation / Transactional","Medium","/locations/phoenix/domain-monitoring"
"Data Breach Monitoring","Phoenix","Data Breach Monitoring Phoenix","data breach monitoring services in Phoenix; cybersecurity Phoenix; Phoenix data breach monitoring company; enterprise data breach monitoring Phoenix; best data breach monitoring Phoenix","Commercial Investigation / Transactional","Medium","/locations/phoenix/data-breach-monitoring"
"Brand Monitoring","Phoenix","Brand Monitoring Phoenix","brand monitoring services in Phoenix; cybersecurity Phoenix; Phoenix brand monitoring company; enterprise brand monitoring Phoenix; best brand monitoring Phoenix","Commercial Investigation / Transactional","Medium","/locations/phoenix/brand-monitoring"